,Sample_ID,ZIP_Code
0,40414551,34689
1,40418276,34653
2,40409966,33837
3,40410026,33870
4,30312281,33872
5,30311176,33844
6,30315451,34639
7,40416196,33774
8,40414231,33710
9,40405751,33761
10,20210151,29550
11,40401891,34639
12,40401876,33761
13,40406101,33778
14,40406386,33542
15,40420196,32792
16,40416181,33703
17,30314391,33765
18,30312221,34748
19,30303881,33710
20,30314946,34683
21,10109931,28379
22,30314831,33771
23,20216706,28405
24,20216901,28512
25,40404271,33708
26,40416561,33756
27,20216461,28366
28,20212016,29501
29,20211511,29574
30,20209116,29153
31,40416486,33704
32,40404431,34683
33,40424616,33844
34,40413846,34442
35,20217901,27534
36,40411561,33843
37,20216886,27530
38,40409241,32765
39,40415711,33759
40,40404956,34655
41,30318616,33542
42,30317501,33709
43,40424771,33872
44,40412821,32340
45,40404826,33761
46,40413261,34479
47,20220951,28732
48,20220106,28716
49,40411061,32821
50,40410196,34715
51,30317336,33542
52,10104561,27616
53,30300261,34432
54,30316356,33760
55,30305441,33761
56,10117096,28365
57,10115366,28348
58,10114706,27534
59,10100751,27501
60,30322071,34786
61,10104806,27541
62,30320811,32750
63,10110396,29596
64,30303241,34639
65,30318451,33781
66,30315646,33776
67,10104341,27502
68,10114036,28530
69,30310461,33825
70,40405636,33759
71,40420611,32725
72,10115961,28428
73,30309241,32825
74,40407456,32818
75,20211541,28387
76,20210956,29102
77,40408686,32763
78,30316646,33709
79,30307781,32817
80,10108501,29150
81,30322221,32819
82,30310906,34759
83,30306606,32726
84,30300971,34452
85,40416461,33756
86,40411716,33825
87,40402876,33761
88,20200176,27520
89,40410121,32807
90,40410876,32811
91,40403296,33756
92,40403641,33542
93,40400846,32456
94,40420951,32720
95,20220606,28803
96,10112441,29571
97,30317296,33705
98,30324286,33852
99,10110751,29581
100,10102831,27856
101,30303361,33707
102,10119881,28786
103,40418581,33761
104,40400741,34446
105,40400631,34491
106,20208846,27557
107,30318136,33761
108,30303446,34690
109,30318521,33781
110,30302571,33714
111,30312576,33844
112,30305491,33763
113,30303546,33770
114,30302836,33759
115,30305631,34668
116,30312231,33844
117,10101251,27516
118,30312926,34446
119,10110806,27330
120,20219136,28715
121,20214956,27501
122,40402221,33701
123,40417301,34684
124,40415031,34683
125,40414016,32096
126,30323491,33881
127,30310516,32837
128,10116481,28428
129,20202371,27511
130,20214921,28510
131,20218086,28580
132,20213351,28580
133,20205891,27597
134,40417961,34668
135,40416676,34683
136,30317351,34698
137,40404136,33772
138,40412401,33876
139,40408161,32726
140,20216831,28401
141,20217636,28557
142,40416691,34691
143,40406091,33540
144,30310656,33870
145,10109256,29506
146,30324251,34787
147,30317881,33706
148,10119141,28748
149,10116151,28504
150,30307911,32708
151,10101306,27511
152,10104636,27549
153,10107331,27501
154,30318726,34652
155,10103231,27605
156,30321631,34787
157,30311986,32825
158,40423676,34761
159,10105351,27614
160,30318706,33708
161,30322106,34758
162,40401076,34446
163,20207711,27612
164,20203916,27536
165,30317126,33702
166,20214156,28443
167,20210526,27330
168,40412661,33844
169,40418936,33764
170,20216421,28328
171,40415261,33762
172,20216836,28409
173,20215036,28405
174,40416381,33707
175,40416071,34698
176,40422336,33853
177,40406191,33540
178,40412066,34747
179,40421846,32798
180,20214261,28337
181,40401286,34601
182,20205171,27563
183,40416301,34655
184,40405876,33761
185,40412456,33859
186,40405141,33776
187,20208336,27856
188,40405001,33710
189,40418186,33705
190,40412516,34714
191,40419596,32726
192,40418801,33542
193,40400441,34472
194,40424871,33837
195,40409141,32757
196,40421831,32765
197,40408976,32707
198,40401596,34652
199,40416666,34652
200,40413531,34434
201,40414161,33703
202,30315141,34690
203,30305806,33542
204,30324426,34758
205,30312171,33870
206,30316801,33540
207,30310866,34786
208,30302546,33781
209,10118081,28504
210,10109041,29153
211,30313506,34465
212,30313236,34491
213,30302756,33704
214,30310776,33838
215,30300886,34442
216,10105061,27612
217,30321476,32720
218,30301281,32344
219,30318006,34689
220,30305996,34684
221,30322436,32835
222,10120826,28778
223,40416686,33756
224,40421896,32778
225,40409196,32778
226,20219231,28785
227,30311221,34758
228,30316486,33708
229,40417296,34689
230,40413166,34465
231,40421271,32714
232,40405401,33705
233,40420241,32828
234,40422666,33853
235,40409361,32735
236,20219696,28804
237,20220176,28806
238,20220356,28803
239,20220196,28803
240,20202431,27529
241,40404906,33705
242,20215646,28557
243,40409396,32744
244,40404391,33712
245,40421046,32763
246,40406501,32778
247,40405571,33755
248,10118166,27534
249,30319646,34788
250,20220411,28786
251,40420376,32714
252,40418651,33756
253,20219346,28711
254,40413146,34472
255,30303666,33709
256,30313891,32008
257,30323691,34762
258,30310061,32824
259,30320156,32792
260,10118186,28392
261,30305881,33541
262,10120681,28716
263,30318081,33759
264,10118136,28412
265,20205311,27511
266,30318471,33541
267,40422726,32835
268,40401656,33714
269,40401456,33759
270,40409116,32724
271,40409801,33834
272,20216911,28403
273,40408141,32725
274,20219476,28786
275,40403726,33755
276,40424621,32822
277,30311636,32809
278,30314041,33702
279,30300801,32346
280,40413311,32348
281,30308136,32828
282,10119691,28755
283,10119241,28786
284,10119696,28786
285,30307676,32750
286,30322971,32821
287,30316796,33708
288,10114871,28403
289,10102751,27511
290,10115591,28409
291,30304726,33714
292,30315356,33713
293,10110271,29536
294,10105951,27612
295,10108431,27529
296,40405826,33708
297,20215451,28405
298,20219961,28711
299,20210986,29554
300,40403071,33703
301,40403151,33714
302,10108056,27856
303,10104911,27549
304,30306771,32751
305,30308616,32730
306,30319186,32712
307,30322256,32818
308,10120131,28803
309,30308036,32726
310,40401156,34472
311,20211106,29501
312,40424861,33853
313,40404456,33710
314,20219901,28705
315,40401376,34448
316,30320241,32810
317,30310266,34748
318,30310366,32824
319,10118646,28778
320,20217691,27530
321,40422441,32819
322,40401341,32328
323,40405186,34684
324,40410771,32807
325,20215826,27530
326,20211376,27317
327,20213026,27330
328,20210736,27316
329,20214396,28504
330,20215766,28409
331,10115201,28328
332,10112531,28364
333,10115671,28398
334,10113586,28339
335,20220241,28801
336,20212116,28315
337,20210381,28379
338,20215296,28328
339,20217436,27546
340,10107961,27563
341,10114541,28451
342,10110946,29536
343,10102971,27573
344,30313121,32696
345,30301016,32621
346,20211711,29161
347,10117401,28557
348,10115371,28586
349,10116816,28466
350,10110146,28394
351,10106716,27804
352,10103621,27596
353,10102526,27312
354,10113261,28409
355,10115511,28301
356,30307886,32707
357,20219676,28787
358,20215721,28405
359,10119951,28787
360,30316871,34684
361,30308986,32707
362,10119676,28804
363,10120041,28803
364,10119586,28786
365,30315746,33708
366,30319916,32725
367,30307991,32792
368,20210996,29150
369,20212336,29505
370,40419781,32817
371,20207666,27545
372,20214691,28328
373,30308456,32701
374,20217156,28412
375,20209476,29550
376,20205651,27882
377,20201016,27856
378,20209046,28170
379,40416526,33707
380,40420371,32724
381,10104046,27604
382,10108446,27573
383,10102271,27610
384,10105261,27527
385,20202961,27312
386,20208231,27807
387,20200861,27591
388,20216801,27534
389,10116106,27534
390,10110631,27330
391,10117656,27501
392,10109636,28327
393,10110071,28374
394,10113761,28409
395,10106926,27609
396,10116601,28443
397,10117336,28570
398,20215521,28411
399,40410601,32819
400,20216656,28303
401,40412831,34465
402,10114411,28409
403,30317006,33781
404,40410786,33825
405,40409376,32724
406,40417976,33715
407,30311676,32821
408,30323541,34711
409,30307326,32744
410,20203871,27514
411,20212931,27559
412,20207551,27610
413,20201691,27809
414,20205621,27511
415,20204451,27536
416,20217106,28463
417,20214061,27863
418,20210591,27330
419,20212321,27330
420,10115076,27863
421,10113001,27203
422,20207981,27529
423,20204321,27573
424,20218036,27817
425,20205401,27608
426,20204886,27612
427,20216296,27530
428,20217541,28570
429,20207001,27542
430,30321816,34761
431,10100261,27573
432,10100211,27609
433,20202426,27882
434,40424556,32822
435,40405136,33776
436,20207806,27603
437,30324486,33898
438,30322901,32822
439,10113946,28572
440,10114166,28463
441,30313461,34491
442,10119371,28804
443,10110961,29520
444,30311471,33875
445,40409806,34761
446,40412706,33859
447,40411816,34711
448,20201701,27379
449,40413601,34452
450,40413691,32347
451,20210766,29532
452,40400876,32159
453,40408426,32720
454,20212886,29512
455,20211491,29571
456,20213346,28472
457,20216811,28334
458,20215311,28348
459,20216661,28306
460,20202266,27607
461,20218176,28382
462,20210941,27203
463,20217706,28303
464,20217981,28540
465,40414296,33774
466,20208406,27603
467,20201936,27614
468,20200246,27540
469,20211526,27306
470,30303476,33776
471,30318441,33702
472,30305336,33702
473,30317776,33702
474,30314601,34677
475,10117261,28443
476,10103746,27536
477,10102551,27520
478,10104781,27344
479,10108241,27581
480,10105076,27557
481,30323486,34787
482,10117066,28334
483,10110366,28340
484,10119456,28749
485,10101236,27603
486,30324496,34748
487,30320061,32779
488,30321296,32714
489,30319606,32810
490,30300191,34479
491,30312216,34748
492,30306376,32724
493,10111321,27203
494,10102486,27614
495,10120066,28657
496,30312496,33834
497,30317556,33763
498,40407001,32703
499,40402926,33755
500,40414561,34668
501,40424601,33844
502,20200496,27511
503,20208276,27816
504,40406126,34691
505,40404221,34691
506,30317651,34689
507,30301341,34638
508,30324351,32822
509,10106901,27612
510,30301176,34432
511,30306536,32792
512,10112861,29506
513,30305446,34698
514,30300811,32159
515,30303836,33541
516,30311131,32829
517,40403341,33704
518,40418676,34698
519,20219291,28786
520,40418781,34689
521,20214686,28409
522,20220396,28711
523,40401186,34731
524,10117991,28555
525,30322341,34761
526,10111131,28315
527,30317986,33715
528,30315321,34698
529,30312436,33837
530,30323006,34761
531,30303011,34698
532,30306311,32703
533,10120736,28785
534,10114821,28409
535,40404201,33755
536,40411926,32812
537,40402936,34668
538,40413071,32618
539,20208761,27576
540,40403356,33701
541,20204856,27591
542,40412851,32052
543,40412366,32809
544,40420396,32707
545,20211051,28170
546,20210701,28376
547,40419411,32744
548,40424506,32818
549,20213176,29154
550,20212946,27330
551,20219561,28805
552,40407021,32701
553,20220381,28711
554,20220456,28801
555,20210621,29154
556,40403106,33776
557,40405741,33785
558,30303491,34691
559,10101776,27536
560,10120906,28787
561,10111866,29570
562,20213926,28405
563,20214286,28540
564,20217206,28405
565,20216031,28472
566,10103986,27565
567,10106501,27612
568,10111856,27306
569,10116906,28530
570,10110261,27209
571,10120401,28803
572,10109236,27330
573,30304356,34653
574,30312256,33844
575,10107566,27312
576,10109826,29583
577,20211061,29536
578,20211071,29150
579,30305116,34698
580,40415881,34698
581,20215716,28540
582,40414816,34655
583,30312491,33843
584,10119316,28751
585,30321261,32757
586,30319016,32779
587,30300816,32195
588,10120511,28732
589,10100926,27603
590,20216336,28471
591,40411236,34759
592,40420931,32789
593,30317231,33709
594,30309836,33838
595,30304561,33774
596,10107646,27844
597,30300636,34601
598,30311901,33852
599,30301216,34601
600,30301186,34785
601,30312276,33870
602,20218666,28320
603,20216826,28429
604,20207471,27615
605,40400701,32340
606,30302961,33762
607,30311261,32825
608,30321646,33872
609,10119791,28803
610,30302386,33764
611,10103991,27565
612,10103101,27520
613,10112046,29505
614,10108561,28327
615,10119366,28701
616,10111301,28315
617,40414031,32159
618,20212021,29536
619,20211031,29550
620,40417721,34683
621,20210451,28340
622,40418221,34653
623,40407161,32751
624,40420381,32738
625,40407126,32735
626,30308581,32701
627,40418081,33761
628,40406041,33540
629,40416761,33707
630,20208531,27856
631,40416616,33774
632,10118966,28803
633,30307951,32735
634,10119236,28803
635,30307121,32810
636,30316286,34683
637,30304386,34689
638,30301661,33759
639,10119471,28806
640,10118471,28560
641,10119101,28805
642,20218736,28532
643,40423706,32836
644,40413596,32159
645,40411206,32822
646,40405731,33767
647,20212181,29501
648,40412006,32837
649,10117611,28516
650,10107271,27856
651,10116571,28334
652,10112476,27330
653,30324516,33837
654,10119896,28786
655,30324471,33870
656,30320226,32746
657,40409641,32812
658,40405476,33709
659,20201276,27856
660,20215176,28314
661,20215361,28328
662,10110101,29505
663,10100321,27603
664,10100476,27603
665,10104906,27536
666,20210536,29550
667,20205976,27587
668,20203321,27312
669,20206361,27610
670,20203846,27511
671,40400141,34420
672,10112691,29556
673,10114146,28540
674,10113166,28366
675,30313916,32159
676,30305681,33763
677,30309916,32806
678,10120856,28730
679,40423926,33837
680,40419216,32763
681,30306431,32779
682,20205636,27511
683,20205671,27520
684,20203786,27524
685,20215651,28562
686,40400831,34491
687,20202651,27520
688,20210761,29550
689,10114826,28589
690,10111036,29570
691,10113016,28358
692,30301111,34472
693,30309271,33897
694,30312911,34465
695,30312711,34465
696,30302026,33772
697,10114336,28411
698,10116521,28323
699,10113086,28334
700,10114416,28320
701,10117616,27501
702,10100981,27511
703,10116966,28557
704,10102686,27524
705,10117371,28412
706,20202071,27565
707,20203036,27526
708,20205126,27610
709,30304616,33709
710,30305126,34698
711,30305051,34691
712,20211021,28369
713,20207731,27804
714,20213331,28526
715,20210446,29709
716,40411611,33876
717,10114806,28504
718,30315346,33774
719,40418881,33778
720,40417421,33771
721,40416651,33772
722,20216416,28449
723,20218646,28334
724,10111336,28374
725,30310496,32836
726,30308806,32714
727,30311481,34758
728,20209531,28387
729,20206126,27511
730,20212441,28376
731,10110481,28327
732,10108091,27597
733,40413411,34453
734,40412886,34465
735,30316626,34655
736,30301251,34731
737,10120571,28704
738,10120316,28805
739,30301836,33711
740,20219371,28803
741,40405181,34652
742,40401486,33773
743,40423426,32837
744,30300106,34465
745,10120381,28805
746,30317751,33767
747,30318486,34652
748,30318641,33770
749,30309381,34787
750,40411031,33884
751,10112116,29574
752,30304741,33702
753,30314326,33776
754,30304971,34685
755,10117906,28451
756,10103261,27343
757,10119641,28806
758,40423081,33897
759,30311136,32809
760,10106731,27610
761,10102416,27540
762,10109816,28352
763,10117141,28318
764,10110346,27330
765,10115381,27534
766,30300821,32348
767,30306261,34698
768,20211791,27330
769,20211156,29574
770,20200631,27511
771,10103851,27526
772,10101156,27502
773,10104466,27591
774,30320516,32817
775,30308046,32708
776,30307641,32810
777,10115016,28405
778,10104721,27804
779,10101151,27526
780,10118116,28451
781,10107856,27501
782,10104471,27613
783,40416636,34689
784,30319861,32701
785,30310686,34761
786,30322026,34761
787,30323386,34711
788,30300831,32456
789,10112976,29555
790,10105041,27312
791,10106406,27511
792,10119161,28715
793,10120426,28805
794,10118291,28457
795,10110731,29532
796,10107051,27601
797,10119571,28748
798,10113236,28328
799,30304016,34655
800,30301771,34683
801,30303526,33760
802,10102406,27519
803,10103341,27844
804,10113531,28457
805,10116996,28428
806,30323626,33844
807,10108966,28326
808,10119706,28704
809,10112801,29010
810,10112866,29154
811,30301466,33761
812,20216346,28443
813,20215581,28409
814,40406626,32765
815,20213001,28327
816,20220266,28732
817,20208201,27520
818,20216931,28403
819,20219196,28801
820,20216366,28320
821,40401666,34655
822,20208521,27537
823,40414071,34601
824,40418696,33540
825,20212731,28383
826,20218621,28443
827,20215211,28409
828,20202911,27612
829,20206531,27606
830,20203061,27607
831,40422051,32836
832,20212871,29078
833,40400456,34446
834,40417716,34668
835,20220576,28803
836,20218261,28457
837,40417811,33763
838,40412476,34711
839,30315391,34684
840,10109781,29505
841,30323766,32837
842,30301521,34689
843,30313036,34601
844,10101131,27612
845,10109966,29010
846,10104941,27587
847,20217291,28412
848,20206441,27610
849,20200596,27511
850,40415921,33704
851,10112771,29069
852,30302996,34685
853,30317961,33707
854,10120451,28801
855,10112496,29519
856,40407511,32826
857,40423336,32819
858,20211651,29150
859,40422186,34734
860,20220366,28777
861,20219756,28716
862,20209701,29555
863,40413266,34461
864,20207511,27513
865,20203206,27617
866,40413141,34480
867,20203241,27555
868,20211366,29501
869,40414566,33542
870,20216771,28573
871,40416661,33782
872,20209166,29555
873,40415406,33709
874,20211661,29550
875,40404436,34698
876,20218671,28529
877,20212226,29102
878,20202511,27603
879,20217226,28405
880,40420101,32726
881,10111471,29506
882,10100881,27604
883,30312446,33890
884,10110256,29161
885,30308276,32712
886,20213581,27530
887,20218921,28463
888,20209516,29506
889,20211976,29505
890,10103386,27344
891,10104611,27577
892,30310406,32821
893,30310166,32818
894,10112701,29506
895,10114891,28328
896,40414251,34652
897,40409491,32744
898,20221031,28806
899,40403256,34653
900,10108351,27801
901,30310001,33825
902,30323921,32824
903,10108616,27330
904,10111536,28374
905,10115356,28411
906,30317316,33761
907,10104591,27603
908,30312916,34442
909,10118856,28806
910,30316376,33541
911,10109821,29501
912,30301971,33755
913,30316136,33702
914,10112971,27330
915,10108621,29040
916,30322691,34786
917,30306391,32773
918,10104976,27850
919,30303431,34655
920,10102056,27519
921,10106086,27536
922,40409326,32712
923,40406736,32757
924,40420991,32765
925,40410316,32835
926,40424661,32812
927,40412356,34736
928,40410416,32835
929,20217531,28403
930,20206836,27607
931,20203516,27609
932,40418606,33549
933,40403396,33764
934,20211451,29150
935,20201346,27850
936,40412461,33825
937,40424596,33897
938,40424151,33853
939,40402586,33760
940,20211116,29102
941,20209296,29506
942,20200481,27520
943,40408891,32817
944,40422201,32829
945,40423626,34787
946,40421521,32826
947,10116096,28328
948,10101141,27529
949,10110251,29709
950,10108081,27502
951,10105401,27610
952,10108416,27536
953,10101531,27576
954,10105941,27511
955,10102011,27624
956,10109581,29550
957,10103441,27616
958,10120946,28805
959,10120551,28806
960,30309196,32824
961,30309841,34761
962,10104006,27882
963,10110601,28345
964,40409761,34761
965,10112836,29510
966,30319661,32779
967,20206816,27529
968,10102451,27587
969,30306271,33778
970,10110666,27330
971,30302361,33782
972,40401586,34653
973,40418961,34653
974,20217551,28328
975,30315831,34668
976,30304531,34668
977,30316061,33755
978,30304771,33709
979,30303416,33782
980,10107316,27603
981,10106176,27526
982,10114436,28401
983,10116511,28411
984,10103401,27536
985,30315996,34668
986,40420186,32707
987,40406526,32720
988,40408401,32765
989,40406136,33764
990,40418236,34668
991,40417061,33756
992,40400931,34436
993,20220201,28805
994,40411001,32825
995,20210781,29556
996,20219401,28803
997,40409896,32825
998,40400691,34453
999,40404151,33770
1000,20211641,27325
1001,20213016,28359
1002,40411431,34759
1003,40423256,34761
1004,40413471,34465
1005,40419501,32792
1006,30321336,32730
1007,30303611,33707
1008,30317701,34684
1009,20211151,29555
1010,20214336,27530
1011,40403211,34691
1012,40419051,34698
1013,40413306,32633
1014,40408026,32726
1015,40411746,32825
1016,40414721,33755
1017,40417526,34698
1018,40405576,34684
1019,20201846,27541
1020,40416281,34655
1021,40403706,33781
1022,30317861,34655
1023,30315571,34698
1024,30314836,33711
1025,30301806,33770
1026,30317011,34655
1027,30301206,34601
1028,30317886,33759
1029,20210856,27229
1030,20211096,28379
1031,20218846,28532
1032,20209491,29505
1033,20217071,28403
1034,20206251,27536
1035,20204466,27816
1036,20215061,28472
1037,20215916,28403
1038,10112181,29571
1039,10110636,29511
1040,10103981,27305
1041,10115171,28586
1042,10106221,27607
1043,10115186,28348
1044,30310861,34747
1045,30306281,33764
1046,10117406,28557
1047,10113626,28323
1048,10118176,28544
1049,10102841,27520
1050,30302466,34655
1051,30323816,32808
1052,10102266,27344
1053,10111636,29565
1054,10118006,28457
1055,30323881,34761
1056,30317026,34689
1057,40424696,33852
1058,30300871,34491
1059,10120991,27583
1060,10104271,27513
1061,30314126,34683
1062,10121091,27534
1063,20218966,28453
1064,20218521,28320
1065,20200526,27603
1066,20216591,28516
1067,40417166,34652
1068,20200436,27615
1069,40414336,34689
1070,40423066,33844
1071,20214426,28411
1072,10110116,29501
1073,10116651,27806
1074,10115271,28303
1075,10113831,28409
1076,10115376,28540
1077,20215091,28306
1078,20215886,28504
1079,30303556,33756
1080,40410261,34711
1081,40410086,32835
1082,20213326,28428
1083,20211726,27330
1084,20206181,27609
1085,20206871,27609
1086,20210256,27341
1087,20212541,29554
1088,40407816,32750
1089,40416331,33705
1090,40401466,33764
1091,20211531,27330
1092,10110096,28377
1093,10113126,28540
1094,30314521,33703
1095,10112176,29571
1096,30313651,34446
1097,30313446,34465
1098,30318346,34653
1099,10102041,27525
1100,10107766,27536
1101,30306511,32820
1102,30309861,34759
1103,40411036,32835
1104,20206806,27607
1105,40417906,33707
1106,20215576,28457
1107,20212581,28377
1108,20219701,28721
1109,40424716,33897
1110,40422106,32835
1111,40408546,32765
1112,40419746,32828
1113,40415716,33755
1114,40404781,33703
1115,20209036,29154
1116,20213166,29591
1117,20205896,27525
1118,10114561,28540
1119,10103486,27856
1120,10107876,27891
1121,10109751,28374
1122,30321571,32735
1123,10120561,28705
1124,30321996,34761
1125,10103996,27610
1126,10100796,27609
1127,10116706,28303
1128,30319336,32810
1129,30322706,34747
1130,30306316,32713
1131,20211436,28364
1132,20221161,28778
1133,40421761,34788
1134,20204556,27609
1135,40424091,32818
1136,20214991,28390
1137,40406841,32712
1138,10110656,28379
1139,10109106,28340
1140,10104381,27542
1141,10120666,28806
1142,30313926,32358
1143,30300291,32347
1144,30322246,32825
1145,30307891,32724
1146,10102616,27526
1147,10116581,28562
1148,30309911,32824
1149,10116486,28585
1150,10106076,27610
1151,30306366,32725
1152,10119451,28777
1153,30322346,32824
1154,30307181,32763
1155,10117551,28403
1156,30323661,33843
1157,30303911,33716
1158,10115301,28409
1159,10104756,27513
1160,30310226,32825
1161,10119276,28748
1162,20219296,28732
1163,40424586,34772
1164,20202881,27613
1165,20208831,27312
1166,20204841,27536
1167,10110641,29150
1168,30306956,32725
1169,10115331,28586
1170,30321536,32726
1171,40420086,32765
1172,40408011,32789
1173,20218561,28339
1174,20211551,28315
1175,20211341,29550
1176,20205836,27610
1177,20213971,27546
1178,20215336,28401
1179,20215881,28425
1180,40407031,32714
1181,20203251,27344
1182,40402091,34685
1183,40418836,34695
1184,40410391,32822
1185,30308776,32779
1186,30309116,32826
1187,30309326,32808
1188,40403886,33764
1189,20205626,27606
1190,30304191,33772
1191,10113936,28501
1192,10118461,27806
1193,10102626,27540
1194,10106321,27609
1195,10108601,29571
1196,10112961,29536
1197,30305026,33759
1198,10111461,28387
1199,10118066,28530
1200,20203756,27603
1201,20202726,27576
1202,20209361,27298
1203,20206556,27612
1204,10109391,27205
1205,10120986,27549
1206,10105411,27511
1207,20218026,27546
1208,10101826,27576
1209,20202876,27577
1210,10113211,27524
1211,10101221,27577
1212,20200381,27513
1213,20211831,27203
1214,20202566,27513
1215,10104946,27607
1216,10114856,28540
1217,20202866,27592
1218,10114211,28540
1219,20202191,27608
1220,20202201,27617
1221,20203006,27614
1222,40400321,32327
1223,20204471,27616
1224,10108406,27525
1225,30313436,32159
1226,10110541,29078
1227,20213671,28539
1228,20209231,29501
1229,10107541,27529
1230,20220116,28787
1231,20208986,29728
1232,10104601,27560
1233,30311161,32824
1234,30309321,32819
1235,30319626,32724
1236,30307971,32708
1237,30309571,32818
1238,30306506,32708
1239,40420131,32713
1240,20203336,27502
1241,20201141,27540
1242,40422401,32836
1243,30306341,32708
1244,10119596,28704
1245,30302161,33773
1246,40419831,32714
1247,10104851,27603
1248,30309406,32829
1249,40416861,33762
1250,30301991,34689
1251,40403261,34668
1252,40411676,33843
1253,40411651,34787
1254,40400266,34453
1255,40416926,34685
1256,20207301,27513
1257,30315726,33782
1258,30315011,34668
1259,40416586,34690
1260,30321791,32819
1261,30323861,34746
1262,30314551,33774
1263,40412836,34432
1264,30318921,32826
1265,30300356,32355
1266,40408116,32817
1267,20201601,27502
1268,40403941,33782
1269,40406271,34683
1270,40403526,33703
1271,10114116,28412
1272,30311546,33896
1273,30302576,34690
1274,10109846,27330
1275,40422836,32825
1276,40401721,33781
1277,40401946,33760
1278,40424221,32821
1279,30306196,34690
1280,40420751,32701
1281,30316316,34698
1282,10101586,27603
1283,10108701,29709
1284,30301596,33770
1285,30314316,34683
1286,40413186,34601
1287,40415246,34655
1288,40406341,33771
1289,10109616,29550
1290,40408456,32724
1291,40400656,32347
1292,20209341,28375
1293,20205766,27513
1294,30312481,34711
1295,30302986,34698
1296,30302441,34639
1297,10115106,28405
1298,30320396,32810
1299,30309446,32806
1300,30311686,33844
1301,10116526,28403
1302,40408086,32703
1303,30323806,33853
1304,30319756,32725
1305,30317851,34655
1306,30307116,32750
1307,30306896,32765
1308,40424711,33825
1309,40403181,33776
1310,20219641,28704
1311,40401126,34480
1312,40419496,32713
1313,30314806,33706
1314,10104136,27526
1315,10117811,28529
1316,30307761,32726
1317,10107791,27565
1318,30301546,33770
1319,10112766,27207
1320,20214296,28409
1321,30302936,34698
1322,30305746,34653
1323,20219091,28715
1324,20208481,27573
1325,40423556,33870
1326,30305566,34684
1327,40414226,33549
1328,40404731,34698
1329,20213341,28458
1330,10105711,27614
1331,10100861,27597
1332,30315891,33710
1333,20211351,27306
1334,40421926,32724
1335,40413656,32668
1336,30304536,33707
1337,30322551,33875
1338,30302436,33761
1339,10114316,28409
1340,30312666,33837
1341,30303481,33785
1342,30302921,33761
1343,30317421,33705
1344,40411231,33852
1345,40405111,33706
1346,40416856,33710
1347,40416601,34690
1348,40415841,33710
1349,40400901,34442
1350,40414361,34655
1351,40409996,32837
1352,40417126,33759
1353,40417921,34639
1354,40400516,34491
1355,40423541,33853
1356,40410451,34734
1357,10113076,28457
1358,10102806,27511
1359,10105356,27609
1360,10112736,29506
1361,10103311,27609
1362,10110981,29506
1363,10104921,27617
1364,30300251,34480
1365,30304031,34655
1366,10101186,27615
1367,30304676,33767
1368,10101436,27606
1369,10107201,27615
1370,10104386,27617
1371,30314541,33772
1372,10110531,29078
1373,30307511,32720
1374,30300481,34491
1375,30310286,34734
1376,30317966,33707
1377,10120606,28711
1378,30320821,32701
1379,30300206,32320
1380,30314556,33760
1381,40400461,34432
1382,40401001,32344
1383,40420641,32707
1384,10118986,28716
1385,10110011,29501
1386,30308951,32763
1387,10110411,27316
1388,30306051,34689
1389,40408246,32701
1390,40424501,32835
1391,40408751,32792
1392,20200871,27614
1393,40403811,33782
1394,40402821,33714
1395,20213446,28546
1396,30322621,34747
1397,20214346,28540
1398,10100316,27513
1399,10119961,28806
1400,30322841,32808
1401,40419076,32746
1402,40404816,33756
1403,30324446,32822
1404,40402371,33711
1405,30317721,33716
1406,10118586,28732
1407,40402736,33703
1408,20219141,28701
1409,40402561,33707
1410,40423371,34711
1411,40415996,33706
1412,20211166,29010
1413,20215786,28391
1414,20216406,28405
1415,20219481,28786
1416,40407131,32751
1417,10109556,29505
1418,20220031,28804
1419,40400396,32617
1420,40407076,32130
1421,30313841,32696
1422,10115061,28540
1423,10103046,27607
1424,10103751,27526
1425,20200801,27536
1426,20200461,27529
1427,20202666,27807
1428,30301226,32159
1429,20213281,28411
1430,40420491,32765
1431,10115701,28546
1432,40412861,34446
1433,30320166,32730
1434,40413486,34453
1435,40412806,34430
1436,40400351,34429
1437,30320486,32725
1438,30306746,32817
1439,40404081,33712
1440,40423281,32821
1441,40414581,33773
1442,20215981,28328
1443,20214611,28560
1444,20213976,28334
1445,20214556,28409
1446,10110296,27203
1447,10115986,28512
1448,10111796,27330
1449,20203141,27513
1450,10113696,28412
1451,10102646,27609
1452,10120176,28777
1453,10103866,27616
1454,10101966,27615
1455,20213761,28411
1456,10113456,28409
1457,30306866,32707
1458,30306841,32703
1459,20204776,27520
1460,40421821,32707
1461,40413981,32327
1462,20218101,28398
1463,10113176,28532
1464,10118581,28804
1465,30319026,32725
1466,40411116,33852
1467,40424886,33837
1468,20216151,27521
1469,20207781,27612
1470,20215171,27530
1471,20205141,27850
1472,20218866,28341
1473,20217066,28582
1474,30312971,34432
1475,10113846,27534
1476,10100481,27511
1477,10113221,27546
1478,10103421,27526
1479,10117596,28382
1480,40407686,32713
1481,20202536,27529
1482,20210626,27355
1483,20202801,27529
1484,20215276,28529
1485,40408606,32180
1486,40419726,32746
1487,10107771,27529
1488,20201271,27526
1489,20210741,27298
1490,10103106,27344
1491,10100551,27539
1492,30313101,34465
1493,10117471,27530
1494,40402461,33549
1495,20209281,28376
1496,20207431,27565
1497,10100501,27608
1498,10104211,27526
1499,30300336,34452
1500,40413976,34601
1501,40421996,32778
1502,30323141,34747
1503,20202276,27502
1504,20203541,27573
1505,20200251,27529
1506,20204211,27536
1507,20202691,27804
1508,20205211,27804
1509,20204511,27312
1510,10112101,27330
1511,10105591,27521
1512,10107226,27536
1513,10114961,28412
1514,20216541,27501
1515,20206521,27511
1516,20207396,27603
1517,20213896,27530
1518,30322666,32837
1519,20219571,28777
1520,20203961,27526
1521,20213806,28540
1522,40410401,33853
1523,40409671,33837
1524,30312466,33837
1525,40420756,32713
1526,40407026,32746
1527,40409356,32713
1528,20214031,28306
1529,10115411,28557
1530,20204946,27609
1531,20213356,27534
1532,20201361,27542
1533,20212456,27330
1534,40419451,32725
1535,40406546,32746
1536,40422246,34758
1537,40419881,32765
1538,30318491,33778
1539,30320786,32779
1540,30320756,32725
1541,10105611,27880
1542,10105906,27609
1543,10102986,27511
1544,10103481,27519
1545,10114266,28314
1546,30304301,33767
1547,30307061,32746
1548,30323466,33870
1549,10111491,28394
1550,10110036,29153
1551,10108171,27807
1552,10109656,27203
1553,20200971,27526
1554,20203041,27617
1555,30321456,32725
1556,10119066,28711
1557,30304106,33767
1558,30303776,34689
1559,30319096,32701
1560,10118516,28428
1561,30319731,32707
1562,10115536,28443
1563,30306141,33541
1564,30306456,32779
1565,30313266,32159
1566,30301301,34428
1567,10108421,27603
1568,40412441,32822
1569,40420501,32703
1570,20207516,27609
1571,40418076,33763
1572,20216686,28451
1573,20210896,29150
1574,40406421,34695
1575,40413631,34432
1576,10120031,28787
1577,30305606,33781
1578,20209996,29150
1579,20202776,27615
1580,20209066,29550
1581,10112126,28379
1582,10109311,28379
1583,10102746,27613
1584,10119071,28806
1585,10111626,27330
1586,10110466,27330
1587,10112781,29168
1588,10116471,28480
1589,30314881,34698
1590,10104171,27614
1591,20217766,28428
1592,40402881,33761
1593,40404581,33767
1594,40409596,33853
1595,20208791,27536
1596,10104826,27540
1597,10105011,27571
1598,30324821,33843
1599,10116821,28405
1600,30307101,32763
1601,40411866,33853
1602,30318216,33763
1603,30319931,32750
1604,30306966,32725
1605,30320016,32724
1606,40402441,34655
1607,40403956,33701
1608,30312751,32347
1609,10110576,29574
1610,30315481,34655
1611,10106856,27511
1612,10105106,27616
1613,10104886,27597
1614,40410246,32836
1615,20209061,28315
1616,40410926,32837
1617,40421811,32828
1618,10103146,27545
1619,10119776,28732
1620,30319356,32713
1621,30313161,32052
1622,20209856,29520
1623,30303701,33772
1624,30315786,34689
1625,30312261,33844
1626,20214246,28546
1627,20213936,28461
1628,20213716,28443
1629,20213791,28303
1630,20211836,28340
1631,20201761,27526
1632,20210806,27330
1633,10116561,28412
1634,10109031,29550
1635,40410866,33875
1636,40410536,33837
1637,30313456,32344
1638,30305376,33767
1639,30304636,33761
1640,20209211,29506
1641,40406056,33714
1642,20206976,27616
1643,20219721,28732
1644,10100471,27513
1645,10105916,27513
1646,20201756,27511
1647,20213376,28451
1648,40413241,34491
1649,10113146,28303
1650,30312801,32320
1651,10117271,28412
1652,10105066,27614
1653,30313846,32159
1654,30317911,33763
1655,40403636,34653
1656,20210816,28373
1657,20206951,27603
1658,20209606,28394
1659,20213871,28546
1660,40412826,34442
1661,20210041,29571
1662,30300976,34472
1663,30300511,34446
1664,10101676,27610
1665,20206796,27614
1666,20207161,27613
1667,20214626,28570
1668,20201626,27613
1669,10110351,28315
1670,10113436,28557
1671,10109451,28374
1672,30302476,33708
1673,30303636,33709
1674,30314961,34639
1675,20218346,28526
1676,20215956,28318
1677,10102506,27312
1678,10106816,27312
1679,30323346,33872
1680,40402066,34653
1681,10113901,28562
1682,30311371,32832
1683,20218371,28501
1684,20201011,27565
1685,20216086,27504
1686,20206741,27539
1687,20216936,28348
1688,20211786,28374
1689,30300646,34480
1690,30303161,34652
1691,40413791,34442
1692,40419236,32712
1693,40420586,32817
1694,20209566,27376
1695,30307611,32708
1696,30316946,33706
1697,30314741,33773
1698,10104656,27612
1699,10111996,27330
1700,30317466,33703
1701,10112191,27203
1702,10112491,28358
1703,30310126,32835
1704,20213121,29550
1705,20204611,27607
1706,30312186,32824
1707,30313741,34481
1708,30314561,34652
1709,10104346,27540
1710,10112946,29574
1711,10116366,28320
1712,10113416,27863
1713,10113896,28560
1714,10111876,29530
1715,30311151,33870
1716,40407176,32779
1717,10102276,27615
1718,20208686,27514
1719,40416116,33704
1720,40412131,32825
1721,30301486,34695
1722,20214376,28409
1723,20216566,28409
1724,30303721,34652
1725,30313256,34604
1726,30318511,33709
1727,20205446,27536
1728,40406791,32779
1729,20218961,28577
1730,20216161,27504
1731,20221131,28748
1732,40403506,33781
1733,20202706,27312
1734,40414206,33774
1735,20212861,29069
1736,20219066,28715
1737,40419161,32779
1738,40406926,32720
1739,40402086,33764
1740,20213856,27534
1741,10115001,28409
1742,30320066,32792
1743,20210496,28394
1744,30303931,34639
1745,40408206,32708
1746,20210926,27203
1747,10101641,27560
1748,10107636,27560
1749,10115636,27530
1750,10106431,27565
1751,10100876,27615
1752,10115261,27806
1753,30312486,34714
1754,20201641,27511
1755,40423546,34761
1756,20220401,28732
1757,40417211,34695
1758,20204336,27604
1759,30311201,33853
1760,30324551,33844
1761,40423591,33844
1762,40414886,34652
1763,20204766,27616
1764,10101506,27540
1765,10101026,27536
1766,10118251,28443
1767,10111386,27306
1768,30315341,33704
1769,40420901,32724
1770,40406196,34695
1771,20216331,28412
1772,40401166,34436
1773,20209611,28170
1774,40410301,32835
1775,40411136,34711
1776,40407526,32751
1777,40416596,33782
1778,40405996,33542
1779,20216671,28303
1780,40420071,32738
1781,30306826,32725
1782,30305516,34688
1783,10108516,29520
1784,10111456,28387
1785,10109401,28352
1786,20201681,27343
1787,20219686,28711
1788,40423196,32818
1789,20216996,27546
1790,40418741,34653
1791,40403226,34653
1792,30318001,33761
1793,30304691,33702
1794,10117191,28516
1795,10112896,28371
1796,20211456,27330
1797,20216201,28337
1798,20214081,27534
1799,20203841,27606
1800,10106286,27609
1801,10106761,27597
1802,20203851,27540
1803,20203616,27540
1804,20215776,28412
1805,20204786,27614
1806,40407146,32707
1807,10112386,29741
1808,20209681,28345
1809,20214746,27819
1810,10100106,27603
1811,10116931,28451
1812,10114046,28540
1813,20208456,27597
1814,20209576,29550
1815,10104121,27501
1816,10102241,27513
1817,10116681,28480
1818,30321821,34761
1819,10106821,27609
1820,10105706,27613
1821,10104556,27597
1822,30306936,32751
1823,10109666,29154
1824,10112296,27332
1825,10117591,28451
1826,10100496,27573
1827,30307216,32779
1828,40406001,33778
1829,20201121,27577
1830,40412051,34787
1831,40412186,34761
1832,30307871,32776
1833,10113281,27534
1834,20213961,27530
1835,10110151,27330
1836,20207566,27607
1837,10103426,27560
1838,20200831,27603
1839,20203531,27617
1840,20203816,27551
1841,20217676,28449
1842,10114811,28303
1843,10101051,27608
1844,20208516,27520
1845,10118021,28320
1846,30300381,32066
1847,20213891,28411
1848,30312596,33844
1849,10115811,28443
1850,20205031,27526
1851,10110581,28374
1852,40400276,34429
1853,10113826,28303
1854,30322466,32837
1855,10102376,27613
1856,10100516,27520
1857,40410616,32825
1858,40408216,32713
1859,30321256,32708
1860,40415146,33705
1861,30319856,32751
1862,40414811,33559
1863,30308291,32765
1864,30319816,32750
1865,40410281,32835
1866,20219261,28806
1867,10118721,28804
1868,40420706,32828
1869,30316481,33713
1870,20214531,28562
1871,40424036,32832
1872,30316081,33710
1873,30318516,33781
1874,20210646,29080
1875,40421036,32725
1876,30311106,34787
1877,30323636,32809
1878,20212521,29154
1879,40411151,34761
1880,10102421,27612
1881,30307141,32817
1882,30300896,34481
1883,10113611,28409
1884,40400921,34442
1885,20215446,28461
1886,30321776,33853
1887,30309471,34786
1888,30316861,33763
1889,20213386,28409
1890,30321651,34787
1891,40410176,34758
1892,10102201,27614
1893,40419536,32792
1894,30311551,32825
1895,30317096,33759
1896,40407896,32763
1897,30306976,32765
1898,20202811,27545
1899,40419586,32828
1900,20216381,28570
1901,40404441,33706
1902,40401176,34491
1903,40402841,33703
1904,40414436,33776
1905,30316681,34655
1906,20207986,27565
1907,40422191,34797
1908,30303441,33558
1909,10120356,28806
1910,20215706,28409
1911,10114726,28403
1912,40407351,32712
1913,30312866,34479
1914,40404411,34684
1915,30322646,34787
1916,20221116,28751
1917,40414761,34683
1918,30314956,34655
1919,30308916,32707
1920,10120151,28805
1921,30304471,33781
1922,10114751,28405
1923,30303191,33756
1924,30305366,33703
1925,40414261,33777
1926,40410646,33837
1927,40402886,33778
1928,40406321,34653
1929,30309896,32812
1930,40421606,32765
1931,30310646,34786
1932,30309461,32812
1933,30303736,34639
1934,30324521,33853
1935,30321751,32825
1936,30319426,32726
1937,30303921,34652
1938,40413226,34491
1939,40401691,34684
1940,40419716,32773
1941,40413416,34432
1942,40400571,34472
1943,40419321,32820
1944,20208966,29550
1945,40417391,33710
1946,40401231,32693
1947,40416866,33785
1948,20202976,27536
1949,40414686,33776
1950,30316611,33706
1951,10109531,29520
1952,10103416,27610
1953,30318766,33541
1954,20203401,27502
1955,20215196,28584
1956,40405331,33759
1957,40411146,32829
1958,30301001,34431
1959,30315641,33713
1960,30304736,33702
1961,30319621,32763
1962,30318631,34684
1963,20217591,28403
1964,30309616,32825
1965,30300521,34434
1966,40401321,34442
1967,40401461,33764
1968,20215831,28451
1969,40410226,34711
1970,40412526,34787
1971,40422576,34711
1972,10113226,28409
1973,10110041,29505
1974,30314691,33714
1975,30301356,33705
1976,30316736,33715
1977,30311406,33852
1978,30319711,32707
1979,10100171,27616
1980,20203276,27501
1981,20209456,29583
1982,30315876,33760
1983,10118981,28715
1984,30323196,32835
1985,30310996,33897
1986,10106236,27589
1987,10101171,27520
1988,30312756,34442
1989,20207196,27604
1990,10113316,28518
1991,10101596,27526
1992,10117721,28555
1993,40405911,33541
1994,30316651,33542
1995,30302276,34639
1996,40400611,34465
1997,40416881,34639
1998,40410796,32808
1999,40409701,34736
2000,40420391,32778
2001,30310546,34786
2002,30320446,32828
2003,40418331,33770
2004,40414121,33765
2005,40412816,34472
2006,40416021,33764
2007,40423616,33853
2008,40422691,33852
2009,30301411,33558
2010,30312981,34491
2011,30312996,34429
2012,30306321,32714
2013,30312976,32327
2014,30302616,34668
2015,20218816,27524
2016,30316236,34638
2017,10112856,28340
2018,10100976,27612
2019,20215166,28339
2020,40412771,33825
2021,40401216,34601
2022,20209336,28343
2023,40402956,33710
2024,20220991,28715
2025,40412896,34465
2026,40408526,32713
2027,20218541,28451
2028,20219341,28715
2029,40414441,33770
2030,20206641,27612
2031,20204461,27577
2032,40414831,34691
2033,40402846,33713
2034,40418636,33541
2035,40405931,33773
2036,40400331,34434
2037,40400286,34442
2038,40400451,34448
2039,40400711,34465
2040,20208601,27314
2041,10113576,28532
2042,20214501,28328
2043,20205726,27517
2044,20205331,27519
2045,20202231,27591
2046,10113191,27530
2047,30322411,32829
2048,20200751,27613
2049,30309786,32825
2050,30324436,34748
2051,30305891,33765
2052,30305001,33760
2053,30309286,34761
2054,30307601,32776
2055,10112366,29010
2056,30314501,33708
2057,30306596,32720
2058,10117601,28403
2059,30313056,32159
2060,30313231,34731
2061,30313636,34481
2062,30324211,34758
2063,30322746,34761
2064,30312746,34465
2065,30314841,34698
2066,30311586,32812
2067,20209656,29512
2068,30318546,33760
2069,10120921,28755
2070,10114306,28411
2071,10114376,28412
2072,10109091,29010
2073,30310216,34711
2074,30307291,32707
2075,30322051,32812
2076,40407651,32713
2077,40415116,34688
2078,20208256,27379
2079,40410651,34759
2080,40415081,34655
2081,40415251,33709
2082,40420881,32725
2083,40402281,33713
2084,20213616,27863
2085,20211696,28371
2086,20214076,28306
2087,20218496,28546
2088,40407261,32720
2089,20202516,27529
2090,40422811,34761
2091,40418171,33702
2092,30318871,32707
2093,10110176,29150
2094,10119116,28777
2095,30312146,33843
2096,30301201,34452
2097,30312771,34453
2098,30301631,33776
2099,30318886,32820
2100,40420786,32779
2101,40405321,33708
2102,40407286,32779
2103,40409561,32809
2104,30315186,33756
2105,10100906,27516
2106,30302931,33702
2107,30312211,34748
2108,30303386,33707
2109,10121121,28806
2110,30314576,33549
2111,40409371,32826
2112,40406461,32826
2113,40401571,34655
2114,40414521,34653
2115,30303791,33707
2116,10119701,28801
2117,30306531,32712
2118,30307771,32712
2119,30319451,32765
2120,40414011,32320
2121,30309416,32825
2122,10112641,29550
2123,30307456,32725
2124,20204101,27540
2125,30306526,32746
2126,10103686,27529
2127,10102086,27603
2128,10110051,29574
2129,20200866,27521
2130,30312841,32179
2131,30317676,33706
2132,30314506,33704
2133,30321606,32778
2134,30321301,32726
2135,30319906,32713
2136,30319761,32751
2137,40419976,32712
2138,40401036,34432
2139,30320316,32707
2140,40419211,32707
2141,40402676,34684
2142,20217996,28301
2143,20209511,27376
2144,10109461,27341
2145,10115246,28301
2146,10103741,27613
2147,10100131,27540
2148,10101556,27520
2149,10107971,27592
2150,20210981,29153
2151,20214301,28540
2152,10117981,28521
2153,10117781,28544
2154,10110016,27330
2155,10113376,27546
2156,10105051,27801
2157,10100711,27614
2158,10104521,27591
2159,10100816,27856
2160,10101206,27604
2161,10103126,27314
2162,30300946,32322
2163,30311041,32835
2164,10110691,28135
2165,40422066,32812
2166,40409891,32825
2167,10115916,28428
2168,20203621,27529
2169,20201751,27539
2170,20208666,27589
2171,20207996,27565
2172,20208126,27536
2173,20207856,27513
2174,20200226,27603
2175,20200646,27520
2176,20212436,29718
2177,20218786,28328
2178,10115776,28365
2179,10114756,28411
2180,10107996,27576
2181,10103856,27615
2182,20200776,27606
2183,10120496,28803
2184,10120886,28786
2185,30308341,32701
2186,20218366,28471
2187,20204706,27529
2188,20215086,27830
2189,20214371,28586
2190,20200926,27520
2191,10109771,27317
2192,10100341,27581
2193,10105016,27344
2194,20207046,27606
2195,20205611,27511
2196,10104681,27540
2197,10117181,28512
2198,10108291,27803
2199,10105316,27560
2200,10100311,27856
2201,10107181,27609
2202,10114096,28403
2203,20218881,28451
2204,20204106,27856
2205,10108321,27592
2206,30317091,33774
2207,10109141,27316
2208,20213766,28523
2209,40402446,34655
2210,40401771,33767
2211,40412606,33844
2212,30310391,34759
2213,20204006,27520
2214,20202696,27609
2215,10105661,27615
2216,20208841,27526
2217,20201886,27573
2218,20209801,28338
2219,20209041,27330
2220,20202631,27520
2221,20217971,27546
2222,20209641,27505
2223,30307301,32765
2224,30310991,34711
2225,30308181,32784
2226,30309001,32778
2227,10121101,28570
2228,10103881,27520
2229,40401041,34429
2230,40424281,32824
2231,20203011,27540
2232,40422506,33825
2233,10105806,27520
2234,30312951,34446
2235,30324651,33872
2236,30304996,33781
2237,40400796,34491
2238,40405391,34653
2239,40407141,32750
2240,40420686,32820
2241,40423536,34759
2242,40410591,33837
2243,40414291,34653
2244,40404451,34698
2245,20205231,27563
2246,20203966,27613
2247,20215636,27530
2248,40411271,34761
2249,20213146,27203
2250,20216256,28557
2251,20200416,27591
2252,20210541,29541
2253,20209056,28358
2254,10108196,27573
2255,20201916,27526
2256,30304406,33759
2257,30314751,33777
2258,10104936,27513
2259,10110091,28379
2260,10103321,27604
2261,10113186,28405
2262,40407221,32712
2263,10103171,27603
2264,10103196,27542
2265,10113756,27534
2266,30311511,34759
2267,30300436,34481
2268,30308886,32792
2269,20208161,27610
2270,20212356,28387
2271,20208736,27591
2272,20205471,27604
2273,30314446,33756
2274,10109446,28340
2275,30324751,33844
2276,10113931,28546
2277,30301646,33781
2278,20201586,27615
2279,40420876,32713
2280,40405706,33707
2281,10101921,27607
2282,10116546,28512
2283,30314571,34668
2284,10115691,28532
2285,10103901,27616
2286,30309796,32825
2287,30305316,33710
2288,30315536,33771
2289,30319796,32808
2290,30315696,33764
2291,10107631,27513
2292,10110766,28383
2293,40422711,32835
2294,20212921,28351
2295,40421356,32714
2296,20205206,27609
2297,20217441,28546
2298,20203606,27549
2299,20220946,28657
2300,20221086,28716
2301,20220041,28704
2302,40402106,33710
2303,30304791,33771
2304,30312861,32643
2305,30308296,32701
2306,10120161,28721
2307,10111431,27203
2308,30318986,32701
2309,30305326,34684
2310,10113481,28570
2311,20212556,29154
2312,40402366,34655
2313,40414826,34653
2314,20208946,29550
2315,20201541,27614
2316,20205281,27609
2317,40401201,34601
2318,10106566,27616
2319,30315021,34637
2320,30318476,33771
2321,30318211,33763
2322,10119266,28778
2323,30301031,34442
2324,30301641,33776
2325,10104256,27312
2326,30315381,33776
2327,30314641,34639
2328,30304296,34698
2329,30302186,34698
2330,30306001,33541
2331,40403521,34236
2332,40403236,34684
2333,10102036,27603
2334,10101806,27537
2335,10112231,29583
2336,10108921,28358
2337,10118521,28409
2338,20219556,28806
2339,20203636,27597
2340,20202491,27526
2341,20210696,29501
2342,40409521,33825
2343,40423046,33852
2344,40418291,34685
2345,40411836,32809
2346,40406351,34698
2347,40413461,32327
2348,40419466,32765
2349,20207651,27560
2350,20218081,28382
2351,30304221,33710
2352,30313986,33541
2353,20219311,28748
2354,20207106,27615
2355,40414236,33759
2356,10119671,28787
2357,20208211,27520
2358,20201621,27592
2359,20201406,27856
2360,40402306,33773
2361,20209106,28352
2362,30312946,34479
2363,10118726,28748
2364,40402096,34639
2365,40404871,33761
2366,10116086,28303
2367,10118111,28365
2368,30302831,33756
2369,10110086,29570
2370,30313541,34436
2371,10119801,28704
2372,40402026,34684
2373,20214771,27534
2374,20202336,27513
2375,20218536,27530
2376,20201331,27573
2377,40417131,34683
2378,10106116,27606
2379,10112411,29506
2380,10105146,27591
2381,10108046,27520
2382,10101031,27513
2383,10114991,28411
2384,10105251,27525
2385,10107071,27560
2386,30300546,34465
2387,10113361,28412
2388,20202001,27603
2389,40408586,32817
2390,10116441,28516
2391,10108896,28387
2392,30312411,33859
2393,40414116,33556
2394,40403651,34691
2395,40421491,32726
2396,40408081,32707
2397,20200556,27615
2398,40413441,34491
2399,20215021,28348
2400,20212096,27203
2401,40413031,32113
2402,10109296,28340
2403,10111506,29505
2404,30300986,32667
2405,10117206,28443
2406,20216131,28570
2407,20215456,28348
2408,20218911,28586
2409,10113371,28572
2410,10102126,27529
2411,10101331,27565
2412,10109081,28374
2413,10113461,28412
2414,10107581,27608
2415,20203716,27591
2416,20214836,28405
2417,10117661,28390
2418,10112056,28374
2419,30316476,33713
2420,30313031,34601
2421,40414471,34691
2422,40405621,34691
2423,20206716,27609
2424,20210421,27316
2425,30300496,34434
2426,30305166,33762
2427,30303316,34684
2428,30301636,34652
2429,20202586,27526
2430,20218821,27501
2431,20216146,28328
2432,10107781,27587
2433,10103706,27576
2434,30319361,32714
2435,10119926,28806
2436,20211746,27306
2437,40422821,34734
2438,10114686,28557
2439,10103606,27573
2440,40415236,34691
2441,30302601,34639
2442,30301736,34683
2443,10105416,27577
2444,10116986,28412
2445,10115616,28425
2446,10106541,27613
2447,10101481,27312
2448,10100561,27545
2449,20205286,27536
2450,20208981,29501
2451,40406666,32763
2452,40400341,32628
2453,10101671,27613
2454,10115431,28451
2455,10114741,27530
2456,30308906,32810
2457,30313701,34472
2458,10112121,28379
2459,10109466,27330
2460,30307256,32750
2461,30313076,34452
2462,10119666,28806
2463,30305261,33706
2464,30323846,34760
2465,10114571,27506
2466,40424791,33837
2467,40408781,32817
2468,30319556,32738
2469,20209381,27330
2470,40414916,33777
2471,40401611,34653
2472,40402246,34695
2473,20219351,28806
2474,40410326,32829
2475,40414866,33710
2476,40417981,33708
2477,40402811,34639
2478,40423126,34761
2479,40422196,32825
2480,30305911,33771
2481,30315006,34683
2482,10100956,27597
2483,10100421,27501
2484,10103761,27520
2485,40417376,33708
2486,40405771,33709
2487,10110381,29580
2488,30310946,33870
2489,30317256,34685
2490,10113116,28334
2491,10111766,29161
2492,20201716,27610
2493,40419126,32828
2494,20200706,0
2495,20210106,29505
2496,40422696,32835
2497,20218016,28341
2498,40406976,32725
2499,20205721,27610
2500,20219256,28787
2501,20210066,29536
2502,40409851,33844
2503,40419541,32701
2504,40402111,34652
2505,40403016,33709
2506,10105861,27613
2507,10109331,29565
2508,20201826,27529
2509,40422596,32825
2510,10102846,27514
2511,20209486,29040
2512,20211781,29511
2513,10101146,27526
2514,10105621,27856
2515,30304886,33773
2516,30309716,32825
2517,10102491,27573
2518,10115786,27530
2519,10103391,27504
2520,10105191,27511
2521,10103031,27513
2522,10105026,27856
2523,10102466,27540
2524,10115726,27546
2525,10112631,29536
2526,10107966,27540
2527,40407516,32826
2528,20209251,29154
2529,40406856,32828
2530,40405201,33708
2531,40407536,32750
2532,10119281,28701
2533,30302366,34668
2534,30313176,34432
2535,20204026,27312
2536,40401411,33710
2537,40414756,33712
2538,20205826,27577
2539,20204031,27616
2540,10101121,27520
2541,30314661,33760
2542,30301586,33774
2543,40418891,33702
2544,40402806,33782
2545,20201501,27536
2546,40403146,34695
2547,30304201,33715
2548,30324556,33844
2549,30303356,33782
2550,10108746,28345
2551,10113731,28412
2552,10108836,28379
2553,30313591,34446
2554,30320921,32701
2555,40421126,32708
2556,40420351,32720
2557,40413401,34461
2558,40400856,34480
2559,40412801,34480
2560,40402656,33708
2561,20205756,27591
2562,20210796,28170
2563,40424031,34786
2564,40408131,32817
2565,40409406,32826
2566,40411386,32824
2567,40403516,33782
2568,20209666,29505
2569,40413426,34448
2570,40413341,34446
2571,30312816,34604
2572,30304156,33701
2573,30313881,32628
2574,30309276,32819
2575,10113071,28412
2576,10107851,27520
2577,20219106,28778
2578,20219421,28804
2579,40406956,32779
2580,40409541,32822
2581,40414591,33782
2582,20206041,27511
2583,20215686,28401
2584,20213601,28409
2585,30319511,32701
2586,10120211,28745
2587,30315071,34652
2588,30314101,33709
2589,30305381,33771
2590,20211731,28379
2591,20203521,27856
2592,20204111,27615
2593,10113276,28456
2594,10114526,28425
2595,20202931,27501
2596,40413376,34431
2597,20209126,28338
2598,10101486,27511
2599,10119516,28777
2600,20201906,27597
2601,40415741,33713
2602,40419531,32750
2603,10110186,29505
2604,10106746,27612
2605,10100111,27807
2606,10121066,28411
2607,10115736,28472
2608,20206901,27613
2609,10118671,28777
2610,10109766,28383
2611,10107921,27524
2612,10114216,28412
2613,30322391,34759
2614,10108901,28376
2615,10121081,28403
2616,30320481,32708
2617,20207236,27856
2618,20219336,28801
2619,20215251,28504
2620,30307051,32724
2621,20207561,27617
2622,40423551,32806
2623,10107266,27603
2624,10109726,29505
2625,10101196,27526
2626,10107976,27526
2627,10100276,27603
2628,20201506,27513
2629,10105461,27513
2630,20204721,27511
2631,10104441,27612
2632,20209301,27376
2633,20202796,27502
2634,20214711,28406
2635,20213996,28540
2636,10110111,29728
2637,20220811,28801
2638,20207466,27612
2639,20218006,28328
2640,10120501,28803
2641,20204826,27520
2642,40420191,32726
2643,10104141,27610
2644,20215526,28412
2645,20201416,27573
2646,10111281,29536
2647,10111286,28396
2648,30319191,32712
2649,20213796,28472
2650,30315046,34689
2651,20214486,28409
2652,20203731,27539
2653,30322441,34786
2654,30312956,34491
2655,30305506,33781
2656,30302521,33777
2657,30311646,34787
2658,40402626,34698
2659,40416911,34685
2660,40413236,34465
2661,30310121,34714
2662,30304111,33762
2663,30322966,34711
2664,10107136,27616
2665,30321656,34786
2666,20200701,27511
2667,40420511,32735
2668,30300286,34472
2669,10120506,28803
2670,30315811,34655
2671,10118971,28803
2672,30320406,32712
2673,40414716,33710
2674,40423836,34786
2675,40401601,33549
2676,30308991,34788
2677,30322531,33897
2678,40423076,32822
2679,20201446,27519
2680,30316556,33764
2681,40414701,33777
2682,10114081,27530
2683,40410331,32832
2684,40401851,33541
2685,40415846,33764
2686,30314851,34685
2687,30323666,32825
2688,40415371,33773
2689,30324546,32818
2690,20201126,27513
2691,30300751,34472
2692,40405641,33542
2693,40415466,33707
2694,40415101,34698
2695,30324411,33825
2696,40423686,33872
2697,30316456,33761
2698,40417281,34684
2699,40409661,33825
2700,20220301,28757
2701,40411086,33872
2702,40402426,34691
2703,30319896,32725
2704,20205846,27614
2705,40414426,34639
2706,20219181,28787
2707,30315336,34653
2708,30311271,34787
2709,30311086,33870
2710,10121086,28586
2711,30302941,33710
2712,40413726,34461
2713,40416936,33761
2714,40414656,33782
2715,40408226,32792
2716,20204316,27613
2717,40418776,33770
2718,40411921,33844
2719,40415576,33540
2720,40417776,33765
2721,40400746,34465
2722,40419291,32726
2723,20205306,27519
2724,30315961,33710
2725,40410461,33827
2726,20204576,27540
2727,20204371,27610
2728,40405546,33756
2729,20210711,28373
2730,30318436,33761
2731,30314616,34668
2732,30316266,33765
2733,10115036,28412
2734,30316086,33761
2735,30323801,34736
2736,10110376,29550
2737,10101191,27609
2738,10119186,28805
2739,10119436,28732
2740,10105556,27603
2741,20206351,27545
2742,30301446,33707
2743,40408191,32725
2744,30319311,32725
2745,30307711,32828
2746,40400951,34452
2747,40421426,32751
2748,40408176,32810
2749,40422121,32821
2750,30320266,32789
2751,30303746,34655
2752,30306481,32703
2753,30300111,34453
2754,40409836,34786
2755,40404971,33707
2756,40421771,32712
2757,10109706,29501
2758,10116776,28512
2759,40402901,34653
2760,10108671,29574
2761,30318841,33541
2762,30320261,32750
2763,30305946,33770
2764,30318926,32792
2765,30322081,33843
2766,40410091,32837
2767,40418586,33781
2768,40400481,34472
2769,10119786,28777
2770,30302406,33772
2771,30310501,33853
2772,30301351,33704
2773,30305816,33540
2774,30302951,33709
2775,10102316,27527
2776,10107651,27511
2777,10101001,27513
2778,10110986,29501
2779,10103646,27606
2780,30315936,33781
2781,10100846,27615
2782,40402416,34655
2783,40416776,33764
2784,40405226,34652
2785,10117356,28412
2786,40424121,32821
2787,40418241,34698
2788,10113686,28306
2789,40404181,34638
2790,40422786,34747
2791,40413711,34442
2792,30300856,32159
2793,30318271,33715
2794,20216021,28540
2795,40422536,34711
2796,20210301,29550
2797,40424671,33837
2798,40423386,34761
2799,20219386,28715
2800,40415461,33782
2801,30303856,33761
2802,20215481,28562
2803,30300211,34446
2804,10112906,28326
2805,30323171,33872
2806,30312346,33872
2807,10116191,28405
2808,30300221,32643
2809,30310246,34786
2810,30303426,33703
2811,40422421,34748
2812,40410741,32837
2813,40403551,33781
2814,20202061,27562
2815,20213666,28540
2816,40400431,34491
2817,40419576,32765
2818,40415721,34638
2819,20219866,28804
2820,40411486,34748
2821,40402211,33764
2822,20218501,27863
2823,40402706,33707
2824,40404991,33778
2825,40418121,33772
2826,20204931,27612
2827,20205076,27569
2828,40416476,33710
2829,40403546,33709
2830,40406176,33541
2831,40423766,34759
2832,40400751,34491
2833,40414021,34420
2834,40419121,32765
2835,40407721,32714
2836,20204356,27511
2837,10113151,27501
2838,10113886,28314
2839,20203766,27513
2840,10110301,29150
2841,10101906,27607
2842,20201086,27344
2843,10107091,27560
2844,30307281,32810
2845,10118701,28803
2846,30302551,33707
2847,30303136,33710
2848,30305596,33756
2849,30317206,33711
2850,30305906,33709
2851,30308686,32714
2852,30322906,34711
2853,10102091,27604
2854,40411166,34748
2855,40418006,33705
2856,10120631,28779
2857,30307346,32779
2858,30321516,32778
2859,30301436,33759
2860,10113156,28512
2861,30315656,34639
2862,10104586,27511
2863,30318676,34655
2864,30316216,33774
2865,40420321,32750
2866,40421181,32792
2867,40413406,34461
2868,40415346,33756
2869,40421056,32784
2870,40404116,33781
2871,20205571,27545
2872,20221076,28804
2873,30306326,32712
2874,20219406,28748
2875,10101441,27591
2876,30307206,32712
2877,20203911,27615
2878,40403826,33709
2879,20220286,28716
2880,40416346,33714
2881,40416641,33711
2882,40416206,33714
2883,10100541,27615
2884,30322961,33876
2885,10105311,27856
2886,40419301,32776
2887,20211016,28374
2888,20209091,27203
2889,30318186,33709
2890,30316241,33710
2891,10101561,27536
2892,30304911,33711
2893,30324596,34714
2894,30311346,32835
2895,30308731,32713
2896,30304781,33755
2897,30319331,32750
2898,40417471,33709
2899,40405631,33541
2900,20219086,28716
2901,40404726,34684
2902,40407701,32826
2903,40407356,32746
2904,40411111,32822
2905,40411441,34758
2906,40414136,33713
2907,30318846,33541
2908,20213491,28478
2909,40418851,34698
2910,40402271,33715
2911,40418941,33542
2912,40421646,32792
2913,30303116,33710
2914,30313736,32410
2915,30320636,32725
2916,10103081,27520
2917,10119511,28704
2918,10119631,28787
2919,30319411,32703
2920,30324671,33898
2921,20208466,27591
2922,20219991,28732
2923,40409046,32792
2924,20219316,28745
2925,30314756,33709
2926,30304231,33706
2927,10105221,27609
2928,10104731,27513
2929,20209721,29560
2930,20211616,29505
2931,30300981,32159
2932,10119171,28778
2933,10104076,27608
2934,40410106,34711
2935,10120081,28730
2936,40407421,32703
2937,30312031,34761
2938,30321546,32735
2939,30318316,33713
2940,30302351,33706
2941,40400421,32410
2942,30308426,32703
2943,30307686,32735
2944,30307581,32765
2945,30312176,32811
2946,40420451,32817
2947,40407486,32817
2948,40412316,32818
2949,20216766,28480
2950,20201896,27343
2951,10112951,27371
2952,10109561,28315
2953,10109986,27330
2954,30300776,32159
2955,20209826,27203
2956,20202351,27609
2957,20208446,27536
2958,20207476,27606
2959,20202771,27511
2960,10110156,28327
2961,10114231,28409
2962,10113861,28412
2963,10110266,28384
2964,10100381,27856
2965,10102071,27609
2966,10105536,27511
2967,10103786,27513
2968,30315561,33772
2969,10114016,27530
2970,30310781,33898
2971,30311321,32821
2972,40421151,32701
2973,40407011,32714
2974,40419876,32724
2975,10119376,28732
2976,10120431,28806
2977,10120106,28804
2978,30316416,33710
2979,30320246,32724
2980,40401296,32159
2981,20216186,27534
2982,20205386,27502
2983,10105166,27545
2984,10105346,27513
2985,20213631,27534
2986,20201341,27540
2987,20215141,28403
2988,10104516,27609
2989,30317951,33708
2990,10119911,28806
2991,30305956,33759
2992,20201306,27577
2993,20216466,28412
2994,20209016,27203
2995,10110476,27203
2996,40406731,32765
2997,40407906,32765
2998,10103591,27513
2999,10115506,27530
3000,10104191,27617
3001,10103121,27615
3002,20202471,27604
3003,20204661,27610
3004,20204571,27604
3005,20204581,27513
3006,20203031,27545
3007,20205946,27603
3008,10111331,27330
3009,10110941,27203
3010,10108581,27330
3011,10101801,27614
3012,10115326,28411
3013,10113271,28411
3014,20207526,27612
3015,20200486,27576
3016,20204696,27613
3017,30319046,32714
3018,30302111,34639
3019,10101536,27529
3020,30302041,33714
3021,40406776,32779
3022,40420421,32713
3023,30312396,33844
3024,20201036,27513
3025,20200186,27536
3026,20202576,27603
3027,20208066,27891
3028,20208076,27850
3029,20205646,27615
3030,10103656,27529
3031,10105456,27312
3032,10101241,27589
3033,20203856,27511
3034,20213526,28516
3035,20201646,27545
3036,20207751,27607
3037,20210976,27330
3038,20204566,27513
3039,20204976,27615
3040,20204036,27513
3041,20204751,27511
3042,20210721,27203
3043,20211386,27317
3044,30309941,32837
3045,30309626,32837
3046,30300411,34420
3047,10102341,27604
3048,40404366,34684
3049,10119246,28704
3050,20220436,28711
3051,10105186,27603
3052,40419681,32763
3053,30315191,33782
3054,30302531,33755
3055,30301701,34683
3056,30306546,32714
3057,30319581,32712
3058,30313811,32113
3059,30314736,33782
3060,40418011,34684
3061,40400916,34442
3062,40423741,33852
3063,40408841,32766
3064,20210376,28373
3065,40421756,32833
3066,40407476,32826
3067,20219471,28806
3068,20218091,28463
3069,40403921,33782
3070,40418421,33763
3071,20208046,27801
3072,20202846,27614
3073,20214326,28515
3074,40423881,32825
3075,20207926,27536
3076,20205676,27536
3077,20209441,28364
3078,40422591,32825
3079,40415041,34695
3080,20201266,27344
3081,30301671,33765
3082,30315526,33778
3083,10116711,28303
3084,10101446,27545
3085,10116011,28409
3086,10106956,27603
3087,10103246,27613
3088,10108551,29501
3089,10117391,28403
3090,10103191,27882
3091,30323891,32819
3092,10104746,27614
3093,30323781,34786
3094,10110321,27203
3095,30319981,32720
3096,10108506,27330
3097,30309866,32819
3098,20211161,28379
3099,40417806,33767
3100,40408231,32725
3101,40414006,34452
3102,40414146,33772
3103,20220081,28716
3104,10105981,27520
3105,30311026,33852
3106,10102641,27613
3107,30306171,33705
3108,30301681,33704
3109,10105931,27519
3110,30315196,33713
3111,30314771,33707
3112,30319001,32712
3113,30307351,32703
3114,40418991,33781
3115,40405946,34695
3116,20215316,28532
3117,40414806,34684
3118,40402526,33770
3119,40415771,33761
3120,10120851,28806
3121,10119821,28806
3122,30318791,33771
3123,10111476,29501
3124,10100691,27605
3125,30303066,33542
3126,30321851,34787
3127,10102656,27608
3128,10120876,28711
3129,30321216,32751
3130,10104661,27312
3131,40415531,34695
3132,20214231,28577
3133,40404211,34689
3134,20204076,27511
3135,20203331,27520
3136,20202821,27511
3137,20209466,28364
3138,40403781,34683
3139,40422221,34759
3140,20206981,27511
3141,20220326,28716
3142,40414766,34668
3143,10120521,28803
3144,20209306,29150
3145,40401356,32159
3146,20204986,27517
3147,10116611,28303
3148,10115011,28405
3149,30321131,32701
3150,30301886,34698
3151,30301716,33765
3152,30324346,33838
3153,20201771,27502
3154,20210266,29150
3155,20210561,29153
3156,40403656,34653
3157,40403871,33556
3158,40401856,34653
3159,20210356,28374
3160,40412501,33825
3161,30304441,33774
3162,30310786,33853
3163,10110401,28315
3164,30301426,33759
3165,10119021,28732
3166,10111026,27203
3167,20205316,27513
3168,40424701,32822
3169,40412766,32822
3170,40424821,33872
3171,20212841,28357
3172,40404551,33756
3173,30304481,33763
3174,30315581,33764
3175,10104541,27529
3176,10108426,27526
3177,30300461,34465
3178,30324846,33843
3179,30324561,33872
3180,20220776,28732
3181,30313756,32328
3182,10110021,27330
3183,30315551,33707
3184,10111251,29516
3185,30319921,32779
3186,10110676,29556
3187,10110236,28376
3188,20211756,29550
3189,20218351,27504
3190,40412521,33876
3191,40404131,33710
3192,40418896,33541
3193,20216316,28412
3194,40415636,33704
3195,30320871,32792
3196,40401821,33765
3197,20220901,28732
3198,40402766,34685
3199,40406411,34655
3200,30310751,33837
3201,30311276,33837
3202,20214761,28411
3203,10119721,28778
3204,40417416,33706
3205,40400106,34431
3206,40412261,32809
3207,30302071,33777
3208,30309181,32763
3209,30324636,33853
3210,40423366,33870
3211,40410566,33897
3212,20219216,28721
3213,20220171,28801
3214,40414381,33704
3215,20216356,28328
3216,20203306,27501
3217,10106061,27513
3218,10101061,27517
3219,10106806,27513
3220,30310096,33825
3221,20204956,27513
3222,40424806,32836
3223,10116161,28451
3224,10115521,28586
3225,10118561,28328
3226,10105526,27513
3227,30314001,34639
3228,30300836,32159
3229,40420851,32713
3230,20204151,27573
3231,20204731,27613
3232,20216531,28405
3233,20215016,28303
3234,40400366,34491
3235,20209951,28374
3236,20213981,28409
3237,20210046,28345
3238,40413096,34465
3239,40400126,34491
3240,20215906,28540
3241,20211066,0
3242,10116636,28411
3243,30300641,34472
3244,10116626,28557
3245,10107191,27518
3246,10105181,27614
3247,10113121,28516
3248,20215011,28301
3249,30305531,33707
3250,30316221,34655
3251,20200316,27606
3252,20207231,27344
3253,30302806,33710
3254,40422311,33870
3255,20204221,27526
3256,30323966,32822
3257,10112651,28358
3258,30324691,34711
3259,10106226,27617
3260,30308001,32707
3261,20202896,27609
3262,20202291,27529
3263,20213551,28546
3264,30317926,33716
3265,10117461,28401
3266,30316526,33756
3267,40401661,33704
3268,10120231,28711
3269,30306236,34690
3270,40413456,34471
3271,30317991,33701
3272,30314176,34652
3273,20216411,28401
3274,40421206,32714
3275,40415701,33759
3276,40414711,33777
3277,40403026,34690
3278,30315846,34685
3279,10114341,28412
3280,20209851,28374
3281,10110046,29541
3282,10107306,27501
3283,10101111,27592
3284,10100571,27312
3285,10104981,27609
3286,40412911,34432
3287,20212676,29571
3288,40413356,34442
3289,30321766,32825
3290,10101271,27565
3291,10102431,27529
3292,30310931,34761
3293,40415671,33776
3294,30319071,32701
3295,10103781,27616
3296,30320036,32826
3297,10113676,28403
3298,10109056,29010
3299,10101406,27537
3300,30309086,32707
3301,10102151,27565
3302,30302966,33701
3303,10119231,28804
3304,10101916,27610
3305,10103886,27537
3306,10106416,27615
3307,40408471,32708
3308,20218876,28511
3309,40417286,34684
3310,40422181,32806
3311,20208746,27610
3312,20204041,27616
3313,20211896,29536
3314,40421541,32751
3315,20211441,29078
3316,40418466,33756
3317,20205561,27607
3318,40410761,34758
3319,30318226,33771
3320,10106781,27607
3321,20214676,28504
3322,20213656,28428
3323,40418256,33756
3324,30313111,34432
3325,20203421,27504
3326,40410191,32812
3327,20208356,27536
3328,40410466,32809
3329,40404491,33755
3330,40402391,34688
3331,20203931,27592
3332,20215191,28443
3333,20219716,28716
3334,40405791,33706
3335,40401531,33778
3336,20200211,27511
3337,20217251,28412
3338,20219791,28806
3339,20208726,27520
3340,20205156,27610
3341,20202181,27591
3342,40406716,32712
3343,20217741,27546
3344,10106481,27615
3345,30302331,33759
3346,20200736,27565
3347,20200711,27529
3348,20210006,29501
3349,10115401,28409
3350,30319371,32720
3351,40403436,33778
3352,20204951,27312
3353,40406481,32738
3354,40407041,32712
3355,20202991,27807
3356,10105771,27609
3357,30306836,32820
3358,10118826,28748
3359,30322776,33837
3360,30302141,33771
3361,40414091,33710
3362,10119816,28743
3363,10104391,27520
3364,10106526,27511
3365,10100146,27545
3366,10116621,28429
3367,10114666,28556
3368,20212156,27330
3369,10112761,29505
3370,20205001,27502
3371,20204761,27526
3372,10100241,27612
3373,10111291,27562
3374,30318571,34690
3375,40416466,33709
3376,40414271,34698
3377,30317541,33767
3378,30302911,34695
3379,10102001,27856
3380,20216731,28365
3381,30300706,34465
3382,30317636,33708
3383,30314271,33781
3384,40413431,34491
3385,20202216,27610
3386,40418191,33712
3387,40424841,33844
3388,40413421,34472
3389,20202676,27513
3390,40406751,32714
3391,40415376,33764
3392,30310976,32829
3393,30320106,32725
3394,30301096,34785
3395,30318466,34695
3396,20219191,28730
3397,20219681,28732
3398,40410941,33870
3399,40402631,33782
3400,40408321,32720
3401,20210391,28345
3402,30317186,33782
3403,10105501,27615
3404,10112461,28376
3405,20204726,27607
3406,40402996,33756
3407,20211861,28387
3408,20213991,28401
3409,20206841,27511
3410,20215876,28412
3411,20211126,28379
3412,10113336,28306
3413,10111861,28340
3414,10105496,27615
3415,20200306,27520
3416,20215676,28586
3417,10121061,28409
3418,30304181,34695
3419,30308186,32724
3420,20216876,28516
3421,20218191,28365
3422,40408381,32810
3423,40415776,33705
3424,20209816,29556
3425,10101931,27549
3426,10117846,28443
3427,40404916,33759
3428,10103186,27501
3429,10100446,27882
3430,10118771,28804
3431,10100291,27606
3432,10103086,27529
3433,30313291,34480
3434,30323316,33890
3435,30306571,32725
3436,30318901,32708
3437,10120461,28732
3438,10115181,28366
3439,30308386,32708
3440,30323211,32835
3441,40423981,33848
3442,40422876,33870
3443,10113431,28401
3444,30309386,32837
3445,30309856,32812
3446,20208586,27549
3447,20219921,28806
3448,20202456,27502
3449,20216286,28515
3450,20201651,27610
3451,30323151,32812
3452,20219546,28778
3453,40419246,32779
3454,40405346,33774
3455,20200516,27520
3456,20219886,28778
3457,40405966,33773
3458,30304551,34684
3459,10102236,27617
3460,10100661,27529
3461,10115496,28333
3462,20207581,27609
3463,20207916,27606
3464,10104251,27607
3465,20204941,27519
3466,10104486,27511
3467,10106091,27312
3468,20215326,28303
3469,20206696,27560
3470,10116841,28443
3471,40420426,32708
3472,40416981,33756
3473,30310986,32829
3474,20219611,28806
3475,30315926,33711
3476,20207656,27606
3477,30319386,32724
3478,40420151,32746
3479,40408641,32726
3480,30307551,32826
3481,30307426,32725
3482,30309391,32837
3483,30322986,34711
3484,30316911,33761
3485,10109171,28372
3486,10113331,28466
3487,40409691,32825
3488,30306906,32765
3489,40415756,33770
3490,40400251,34785
3491,10106451,27612
3492,30307616,32792
3493,30307691,32828
3494,20200986,27312
3495,30321021,32714
3496,30311981,34759
3497,10116976,28480
3498,30314811,34695
3499,10112316,27209
3500,30305626,34684
3501,30302606,34683
3502,10120916,28715
3503,30312566,33870
3504,40402361,34653
3505,30323656,34711
3506,30320441,32828
3507,30310111,32835
3508,30322011,32812
3509,30314276,34690
3510,30303471,33776
3511,30318356,34685
3512,40404501,33702
3513,40423846,32821
3514,40419406,32735
3515,40412076,33837
3516,40408006,32826
3517,30318531,33540
3518,30305496,33542
3519,10103381,27614
3520,40403626,34655
3521,40412341,33872
3522,40403711,33759
3523,40424236,33853
3524,20214891,28463
3525,30313761,34442
3526,30314086,33781
3527,30310876,34711
3528,30307696,32701
3529,10114936,27534
3530,40404896,33711
3531,40400966,32693
3532,30319596,32792
3533,40400786,34472
3534,30323631,32837
3535,40409576,34787
3536,10114466,28504
3537,10111671,29502
3538,10107706,27529
3539,10112786,27325
3540,30304486,33786
3541,10108401,27856
3542,30303031,33764
3543,30302196,34698
3544,30314976,33713
3545,20205706,27613
3546,40416966,34655
3547,40417076,33760
3548,30320256,32720
3549,40403126,34668
3550,40412971,34491
3551,30322251,34786
3552,30311946,34786
3553,30301166,34428
3554,40423976,33875
3555,40422041,34787
3556,20208131,27807
3557,20219456,28730
3558,40423351,34758
3559,40411266,33896
3560,20201411,27880
3561,30303871,34655
3562,10120831,28707
3563,30315226,34655
3564,30322146,33875
3565,20204636,27513
3566,40415141,34698
3567,30307716,32708
3568,30315466,34668
3569,40409506,32784
3570,40404341,34683
3571,40413181,34442
3572,40418061,33716
3573,40400776,34434
3574,20213421,28412
3575,40418771,34695
3576,40411516,32825
3577,20202361,27526
3578,40403566,34668
3579,40418716,33541
3580,40402261,33558
3581,40417331,33704
3582,40421766,34748
3583,20214596,28409
3584,30316001,33706
3585,20217861,28412
3586,20210666,29150
3587,10107511,27616
3588,30317111,33781
3589,10101161,27511
3590,10102076,27545
3591,30314226,33708
3592,10106316,27524
3593,10109861,28340
3594,10115446,28303
3595,30323016,34758
3596,30320221,32714
3597,30322976,34746
3598,30310376,33875
3599,30312266,32818
3600,10114981,28584
3601,30307151,32763
3602,30320181,32763
3603,30320121,32706
3604,30306566,32757
3605,30322526,32829
3606,40411511,32821
3607,30320136,32720
3608,30315401,33711
3609,10117926,28412
3610,30304851,33716
3611,30314681,33542
3612,40405591,34683
3613,40412026,34761
3614,40408111,32707
3615,40415931,33713
3616,10100536,27610
3617,40422991,32818
3618,10108096,27804
3619,40415791,33710
3620,40405011,33542
3621,40417996,33716
3622,40414431,33710
3623,40412566,32822
3624,40418366,33709
3625,30311436,34711
3626,10115731,28303
3627,40407951,32708
3628,40408901,32707
3629,20220156,28805
3630,10112931,29506
3631,30319846,32708
3632,20201671,27610
3633,40409476,32130
3634,10118426,28445
3635,20211566,29520
3636,20214086,27546
3637,20205821,27607
3638,20214141,28562
3639,20206376,27511
3640,10120486,28803
3641,10103476,27520
3642,10118531,28501
3643,20202501,27511
3644,30307441,32750
3645,30321031,32792
3646,40421911,34788
3647,20200331,27603
3648,30319211,32779
3649,20202261,27536
3650,10111611,27203
3651,10113581,28301
3652,10100831,27312
3653,10105481,27615
3654,10105446,27604
3655,10114846,28328
3656,30300996,32159
3657,10105301,27612
3658,10109276,28340
3659,10115541,28573
3660,10113351,28405
3661,10109351,28394
3662,10114656,27534
3663,10103051,27591
3664,10114551,28409
3665,20212706,29168
3666,10120476,28803
3667,30307621,32703
3668,20215051,28461
3669,10118506,28412
3670,10120656,28711
3671,10121151,28778
3672,10120816,28806
3673,40420836,32765
3674,20207141,27606
3675,20204881,27606
3676,20215206,28411
3677,20214151,28409
3678,10100681,27524
3679,10115081,28411
3680,40414036,34429
3681,20215031,28401
3682,20217121,28412
3683,40419431,32707
3684,10105846,27610
3685,20204116,27542
3686,20207066,27606
3687,10102541,27521
3688,10107696,27816
3689,10108176,27597
3690,20217151,28560
3691,40406676,32765
3692,20202836,27529
3693,40413681,34432
3694,30322361,34747
3695,30307651,32720
3696,30304881,33715
3697,10117011,28405
3698,10100786,27529
3699,40420156,32708
3700,40401961,33711
3701,30320381,32826
3702,10120526,28803
3703,30322726,32825
3704,30312296,32822
3705,20203946,27610
3706,20215611,27863
3707,20206196,27606
3708,20207576,27614
3709,10105866,27519
3710,10118121,27817
3711,10113881,27530
3712,20204391,27604
3713,20205021,27610
3714,20211401,27330
3715,10113206,28409
3716,20220181,28804
3717,20202376,27610
3718,10114616,28391
3719,20220626,28805
3720,20207116,27604
3721,30307966,32725
3722,30324271,32821
3723,30305836,34695
3724,40407781,32708
3725,20213286,28356
3726,40414306,33755
3727,40421261,32707
3728,40415766,34691
3729,40402591,33773
3730,20206996,27560
3731,20202966,27529
3732,20212146,28387
3733,20210511,27203
3734,20200101,27577
3735,20204346,27557
3736,30303096,33782
3737,30303616,33782
3738,30316896,33765
3739,10110591,28352
3740,10102386,27610
3741,30310171,32829
3742,10109206,29162
3743,40402981,34653
3744,20217466,28398
3745,20201211,27562
3746,30305011,33702
3747,30323096,32806
3748,40421361,32701
3749,40423711,34758
3750,40417221,34685
3751,30306086,34653
3752,10115751,28403
3753,30310021,32825
3754,10112161,27330
3755,30318681,33702
3756,30302721,33541
3757,30313991,33773
3758,10105781,27616
3759,40416236,33706
3760,40419166,32713
3761,40406456,32751
3762,40422751,33837
3763,40400246,34446
3764,40400626,32340
3765,40400501,32066
3766,20220881,28805
3767,30302131,34683
3768,30310306,33825
3769,20205381,27617
3770,10109381,29040
3771,30313116,32347
3772,10114636,28516
3773,30313971,32668
3774,10118606,28716
3775,10101851,27529
3776,10100886,27882
3777,20208961,29505
3778,20209401,29506
3779,40405761,34698
3780,40408916,32826
3781,40412676,33825
3782,30307736,32792
3783,30309686,32825
3784,30319966,32708
3785,10111826,29556
3786,30311256,34711
3787,30311051,33875
3788,30307001,32703
3789,10105626,27609
3790,10101746,27616
3791,20210176,29556
3792,20210071,29556
3793,20208396,27576
3794,20209551,29505
3795,40401171,32626
3796,40408681,32779
3797,20219956,28751
3798,40423271,34761
3799,30309016,34788
3800,20213566,28562
3801,20214001,28408
3802,10112156,28372
3803,10109611,29102
3804,10114996,28303
3805,30300826,32052
3806,30302726,33705
3807,30310971,32825
3808,30300136,32328
3809,30315171,33782
3810,40423286,32812
3811,20219441,28716
3812,20218806,28525
3813,20216511,28403
3814,10111846,28387
3815,10120371,28805
3816,10111596,29574
3817,30310036,34747
3818,20215381,28518
3819,10110626,29520
3820,10109831,28376
3821,40404706,33762
3822,40411246,33872
3823,40410376,33896
3824,40421416,32708
3825,20200351,27529
3826,20212276,28379
3827,20211956,28360
3828,20209731,29154
3829,20200471,27520
3830,10111011,27330
3831,30313676,34429
3832,10101291,27576
3833,10102851,27526
3834,10105296,27616
3835,20204301,27856
3836,20214266,28557
3837,20214251,28456
3838,20216191,28540
3839,10112921,27330
3840,30310891,33870
3841,30301891,33770
3842,30302701,34652
3843,40403716,33772
3844,40403966,34653
3845,20201221,27610
3846,30320311,32713
3847,10118756,28730
3848,40403431,33755
3849,30310191,32825
3850,10119461,28803
3851,30301821,33772
3852,40406771,32810
3853,40410776,34759
3854,40424706,34746
3855,40406141,33778
3856,30306856,32713
3857,30302516,34639
3858,30308266,32707
3859,30315396,33708
3860,10113131,28412
3861,10117581,28580
3862,10103251,27513
3863,10118886,28715
3864,20208061,27549
3865,20219186,28787
3866,30313731,34446
3867,30322721,32824
3868,30319671,32828
3869,30308056,32828
3870,10112751,27371
3871,10110456,28384
3872,30324591,33825
3873,10105486,27504
3874,10120671,28711
3875,30306901,32720
3876,10114181,28532
3877,30317901,33765
3878,10107751,27593
3879,10118691,28803
3880,40416746,33782
3881,40404086,33786
3882,40417771,33763
3883,10113036,28443
3884,10108476,27312
3885,10100506,27608
3886,10102606,27615
3887,10100436,27610
3888,10115256,27863
3889,10115466,27530
3890,40418656,33541
3891,10109181,29550
3892,10119746,28704
3893,20201326,27549
3894,40422206,34787
3895,40412976,34491
3896,40410541,34786
3897,20219221,28730
3898,20210771,29150
3899,40412601,33825
3900,20212566,29565
3901,20209536,29550
3902,20220846,28732
3903,20218116,27534
3904,20219931,28704
3905,20203396,27577
3906,20209881,29150
3907,40408946,32750
3908,10109866,29574
3909,10112791,29565
3910,10102886,27511
3911,20221101,28755
3912,20205686,27604
3913,10112241,28352
3914,30307541,32763
3915,10102756,27610
3916,10107041,27545
3917,30319486,32792
3918,10108761,29581
3919,10102256,27539
3920,20202756,27526
3921,20213586,28390
3922,30308666,32701
3923,30321696,33844
3924,10103691,27526
3925,20215491,27534
3926,10105831,27610
3927,40410436,32835
3928,40412551,33837
3929,20219776,28787
3930,20201236,27613
3931,20204546,27312
3932,20209621,29556
3933,10104221,27520
3934,40405676,33767
3935,40410061,33844
3936,40415496,34695
3937,30306301,34695
3938,30302506,34668
3939,30301936,34653
3940,30302396,33705
3941,30312121,33844
3942,30303251,34668
3943,30321876,33870
3944,10108471,27856
3945,30303686,34653
3946,30303786,33704
3947,30302886,33705
3948,40421721,32751
3949,40400546,34491
3950,40400881,34472
3951,10104801,27604
3952,40411756,34734
3953,20209481,29574
3954,40412381,32822
3955,40410956,34758
3956,40419741,32826
3957,30307361,32746
3958,30308601,32792
3959,40413246,34472
3960,40423101,32819
3961,30309981,34759
3962,30313826,32159
3963,30301556,34655
3964,20220391,28805
3965,40421681,32826
3966,40415476,33774
3967,40402966,34639
3968,40424776,33898
3969,30301116,34432
3970,30301896,33760
3971,10114331,28328
3972,30314421,34691
3973,20217116,28403
3974,20200341,27597
3975,20202971,27604
3976,10105336,27613
3977,30302496,34690
3978,10109856,28387
3979,20209411,28374
3980,20204141,27536
3981,20213771,27863
3982,20216881,28530
3983,20215606,28412
3984,40403316,34691
3985,20208296,27545
3986,10115871,28530
3987,30319031,32779
3988,10114601,28301
3989,30308126,32807
3990,10100951,27542
3991,10109426,28371
3992,30319566,32826
3993,40409961,33844
3994,40421781,34788
3995,30305591,33760
3996,40420486,32828
3997,30322956,32818
3998,30303286,33707
3999,30320641,32707
4000,20207766,27606
4001,10105046,27536
4002,20203726,27562
4003,20203081,27616
4004,20208716,27606
4005,10105271,27604
4006,10103326,27529
4007,10104366,27604
4008,20204816,27617
4009,20207861,27615
4010,20213816,28562
4011,40401256,32159
4012,20218336,28451
4013,10107986,27520
4014,10118661,28732
4015,20202141,27518
4016,10101216,27607
4017,20202481,27540
4018,10102456,27612
4019,10111176,29550
4020,30320276,32750
4021,20209136,29550
4022,30305701,33705
4023,30321141,32701
4024,20207976,27612
4025,30308491,32725
4026,40406291,34655
4027,30311296,33852
4028,30314386,34655
4029,20210396,29728
4030,30309846,32835
4031,30301576,33765
4032,40417086,34688
4033,30307791,32828
4034,40405831,33781
4035,40424691,33844
4036,30313071,32159
4037,10106201,27616
4038,30315091,33764
4039,40419766,32784
4040,40404461,33762
4041,40414456,33704
4042,10101951,27560
4043,40420411,32130
4044,10102946,27520
4045,30309486,34711
4046,40400681,34472
4047,40402921,34652
4048,40411656,34758
4049,30304351,33707
4050,40403006,33702
4051,30301666,34655
4052,10104626,27503
4053,20211311,27203
4054,40422871,32825
4055,20200676,27573
4056,40405421,33703
4057,30310476,33837
4058,30318501,33764
4059,40413781,34601
4060,40419231,32826
4061,40406201,33761
4062,40416591,33541
4063,30303681,33702
4064,30302136,33763
4065,40413511,34481
4066,20204431,27609
4067,20218626,28504
4068,40419636,32735
4069,20208756,27597
4070,40403911,33772
4071,40404336,34683
4072,40416841,34685
4073,20203376,27612
4074,40420166,32789
4075,40422436,34787
4076,30319536,34788
4077,30323076,34786
4078,10108801,29556
4079,40417446,34652
4080,40410911,33844
4081,40403991,33756
4082,40411106,34787
4083,20211396,27298
4084,40411721,34746
4085,30317071,33701
4086,30303186,33707
4087,10108141,27511
4088,30304166,34684
4089,30308016,32701
4090,30324101,32818
4091,10116176,28401
4092,10109366,28387
4093,30317826,33770
4094,20213391,28412
4095,20212301,29550
4096,40418361,34655
4097,40416226,33712
4098,40421916,32828
4099,10116901,28412
4100,30311091,33859
4101,40415661,34683
4102,30307136,32828
4103,30319111,32708
4104,30310536,32825
4105,30324886,34756
4106,30303566,34695
4107,30307241,32726
4108,40405396,34695
4109,40406796,32720
4110,40420436,32708
4111,10107116,27606
4112,10113941,28365
4113,30324871,33825
4114,30307316,32750
4115,30315716,33558
4116,40422851,33872
4117,40409581,33897
4118,30317281,33702
4119,30305091,34683
4120,30301196,32668
4121,10104421,27606
4122,20203461,27882
4123,20219936,28716
4124,40409776,34759
4125,30324431,33837
4126,10105256,27604
4127,10102501,27529
4128,10102881,27529
4129,40404176,34691
4130,40414376,34698
4131,10115391,28306
4132,40412811,34442
4133,40412361,34711
4134,20211346,27330
4135,40419006,34689
4136,30316576,33714
4137,20215006,28504
4138,30313426,34491
4139,30306146,33771
4140,10104031,27560
4141,30300401,34429
4142,30312921,34442
4143,30313026,34475
4144,30313671,34465
4145,30316271,34653
4146,30315211,33774
4147,40400601,34476
4148,20202046,27604
4149,40415911,33709
4150,40420956,32792
4151,40400506,34472
4152,40416341,33756
4153,40420661,32817
4154,40412866,34446
4155,40412906,34442
4156,40400736,34491
4157,10109361,28374
4158,10115646,28303
4159,20220101,28806
4160,30317261,33764
4161,30322206,32822
4162,10112291,29010
4163,30310201,33872
4164,30317736,33756
4165,10107206,27609
4166,10116036,28328
4167,30300741,34465
4168,30307861,32725
4169,10103131,27503
4170,40412251,32819
4171,30307251,32725
4172,10108571,29506
4173,30302846,34691
4174,30319196,32779
4175,40401761,34639
4176,40402531,33776
4177,40402156,34683
4178,40402771,33704
4179,40414611,34684
4180,40419666,32708
4181,20218691,27530
4182,40407881,32810
4183,40415646,33549
4184,10119156,28701
4185,30300151,34428
4186,30318386,33771
4187,40420556,32714
4188,40405711,34652
4189,40411291,33877
4190,20209966,29040
4191,30304286,33706
4192,30304416,33707
4193,40420736,32735
4194,20220446,28751
4195,40412396,33897
4196,40417606,33714
4197,20208106,27801
4198,40417401,34685
4199,40420476,32130
4200,40420811,32725
4201,40406606,32725
4202,30321341,32707
4203,30308206,32725
4204,10119416,28806
4205,10118596,28715
4206,20213101,29532
4207,30309081,32778
4208,30313251,32617
4209,10117806,28577
4210,10115581,28539
4211,10116746,28409
4212,20200286,27604
4213,10105091,27596
4214,10101286,27856
4215,30321121,32701
4216,40405316,33708
4217,40423701,33827
4218,30310531,32819
4219,20203936,27525
4220,10104226,27615
4221,30319956,32826
4222,10114176,28411
4223,30308771,32725
4224,30320606,32703
4225,40422801,34715
4226,30306671,32708
4227,30307721,32765
4228,30307661,32720
4229,40411971,32835
4230,40423506,32837
4231,20209686,27330
4232,20203956,27379
4233,10100596,27529
4234,10111021,27203
4235,10117821,27546
4236,10108876,29161
4237,10116071,28405
4238,10120216,28711
4239,10118626,28730
4240,10117761,28401
4241,20219151,28803
4242,10103521,27513
4243,10102111,27801
4244,10102171,27536
4245,10118466,27534
4246,20205761,27604
4247,40420016,32714
4248,10105566,27536
4249,10120121,28801
4250,10119306,28778
4251,20219051,28715
4252,40411731,32822
4253,20219376,28751
4254,20213381,28562
4255,20220736,28704
4256,20218591,28586
4257,30306941,32703
4258,10119216,28715
4259,30305976,33540
4260,30307266,32724
4261,30317361,33756
4262,30323811,32829
4263,30307531,32724
4264,30315231,33756
4265,40408921,32724
4266,40406991,32757
4267,40407796,32817
4268,20203656,27573
4269,20208136,27526
4270,20218836,28515
4271,20215941,28409
4272,20215346,28339
4273,10113291,28584
4274,10101426,27539
4275,10101396,27520
4276,10113561,27534
4277,30323681,33837
4278,30308656,32757
4279,30308501,32714
4280,30305571,33710
4281,20214576,28546
4282,40407406,32724
4283,10102196,27565
4284,10111051,27203
4285,10116291,27534
4286,20205396,27513
4287,10103001,27610
4288,10102621,27502
4289,20214271,28409
4290,20208851,27816
4291,30321051,32810
4292,10101431,27513
4293,10100766,27613
4294,10104716,27511
4295,30302976,33701
4296,40421641,32751
4297,20214671,28570
4298,40413506,34442
4299,30309006,32707
4300,20203881,27591
4301,20201776,27529
4302,20202581,27610
4303,20203121,27526
4304,20204066,27603
4305,20214661,28580
4306,20203476,27573
4307,20208951,27330
4308,10111031,27203
4309,10116866,28562
4310,40409446,32778
4311,20219661,28801
4312,20204906,27616
4313,40419396,32792
4314,30318461,33771
4315,40418551,33716
4316,10120586,28732
4317,30300131,32618
4318,30300686,34446
4319,30312641,32763
4320,30323411,33825
4321,10115791,28504
4322,30309621,34761
4323,40411786,34761
4324,40410671,34711
4325,40421921,32707
4326,40410706,32825
4327,40420246,32720
4328,20209521,29556
4329,20220621,28803
4330,20203291,27604
4331,40402161,33704
4332,40423636,34761
4333,20201056,27603
4334,20216496,28516
4335,20205051,27610
4336,20203116,27514
4337,20214471,27530
4338,20215486,28472
4339,20215871,28391
4340,40422166,32822
4341,40410636,32837
4342,40421841,34788
4343,20201791,27577
4344,30314166,33710
4345,30306356,32720
4346,30308261,32765
4347,10117466,28401
4348,10118041,27863
4349,10113836,28504
4350,10113366,28403
4351,40408271,32828
4352,20202136,27540
4353,20212816,29520
4354,10102311,27557
4355,10112806,29718
4356,30304666,33763
4357,30302651,33710
4358,40405336,33771
4359,40414746,34683
4360,40403406,33759
4361,40408881,32701
4362,40404061,33712
4363,20208656,27807
4364,20218201,27817
4365,10113231,28546
4366,30315216,33772
4367,30302981,34652
4368,10108121,27856
4369,30303181,33762
4370,10100611,27536
4371,30311491,32837
4372,40410076,34711
4373,40400756,34453
4374,40406096,33708
4375,40401481,33764
4376,20215696,28405
4377,20212546,29565
4378,40419846,32751
4379,20202206,27343
4380,10116616,28403
4381,10115676,27530
4382,10115956,28580
4383,10110461,29550
4384,40415786,34652
4385,30302691,34691
4386,10120566,28704
4387,10107346,27526
4388,30319316,32707
4389,40422891,32837
4390,20215541,28540
4391,20208451,27502
4392,20200641,27569
4393,40410826,32836
4394,20205751,27513
4395,20204876,27312
4396,40407386,32701
4397,20220491,28778
4398,20209931,27376
4399,20211306,27203
4400,40408101,32701
4401,40406016,33764
4402,10119651,28711
4403,10119261,28716
4404,20206916,27614
4405,20219326,28715
4406,10111451,29150
4407,10120861,28704
4408,10103721,27592
4409,10108786,27203
4410,10110611,27298
4411,30316951,34653
4412,10101466,27529
4413,40417681,33760
4414,20204406,27540
4415,30315121,34683
4416,30323306,33844
4417,40423401,33870
4418,30320386,32826
4419,10105996,27609
4420,10104416,27540
4421,10117396,28411
4422,40414646,34655
4423,30302201,34691
4424,30307826,32701
4425,10119831,28805
4426,10113961,28348
4427,40400861,32328
4428,20219896,28804
4429,20220021,28786
4430,20215991,28540
4431,20211286,29571
4432,20211816,29520
4433,40400376,34465
4434,40422631,32836
4435,20207876,27516
4436,30303586,34639
4437,40407426,32810
4438,40402746,34691
4439,40416536,33770
4440,20206391,27344
4441,40410966,34787
4442,30322161,34787
4443,10110516,27298
4444,20214316,28574
4445,20205576,27536
4446,10109166,28396
4447,10109526,29536
4448,30313666,34481
4449,30313626,34475
4450,30320431,32763
4451,40404886,34684
4452,40406261,33772
4453,10101621,27596
4454,30310381,33838
4455,30323206,34711
4456,30301256,32346
4457,30324416,33897
4458,40416796,34690
4459,40418621,34689
4460,20203651,27540
4461,40405166,33706
4462,40405936,34698
4463,40412451,33872
4464,20210901,28364
4465,10104041,27609
4466,10111216,29150
4467,10108286,27603
4468,10109956,29581
4469,10116531,28461
4470,10114241,28421
4471,30300466,34428
4472,40422036,32819
4473,10112281,27505
4474,10115361,28348
4475,30321826,32819
4476,40419311,32708
4477,40420126,32725
4478,20218791,28366
4479,20201381,27537
4480,20212996,28384
4481,20202281,27604
4482,40413916,32348
4483,20204861,27609
4484,10102496,27502
4485,40413936,34434
4486,20213576,28409
4487,10109336,28387
4488,10114431,28366
4489,10110821,29571
4490,10109176,28315
4491,10115606,28409
4492,10101616,27592
4493,10104726,27565
4494,10114801,28516
4495,20215816,28557
4496,20215186,28529
4497,20213306,28405
4498,20217301,28539
4499,20218931,28562
4500,20203906,27610
4501,20215946,28546
4502,20214756,28409
4503,40406066,33771
4504,40406371,33770
4505,30312311,33898
4506,20200476,27606
4507,20220306,28707
4508,10111446,28170
4509,10108116,27565
4510,10116236,27534
4511,40416406,34653
4512,30306476,32776
4513,30311446,34759
4514,30321471,32714
4515,30303741,33559
4516,30318716,33541
4517,20220651,28805
4518,20219461,28778
4519,40405101,33770
4520,40410836,34761
4521,30300226,34434
4522,30310841,33843
4523,30318961,32792
4524,40414451,33707
4525,40414706,33708
4526,40402986,33703
4527,30306201,33770
4528,30320451,32765
4529,10114911,28356
4530,10120996,29505
4531,10111551,29550
4532,30307851,32817
4533,10104411,27615
4534,10101526,27603
4535,10113486,27534
4536,10104551,27529
4537,40412936,34432
4538,40420276,32707
4539,20206756,27607
4540,10103821,27540
4541,10103291,27520
4542,10119466,28786
4543,10108661,28374
4544,10103661,27615
4545,40405541,33772
4546,30311036,32832
4547,10111371,29591
4548,10103951,27344
4549,10103541,27502
4550,10117961,27501
4551,30311566,32810
4552,30309611,32822
4553,30321986,33897
4554,10104571,27606
4555,20220641,28804
4556,40407151,32765
4557,40405361,33763
4558,40403691,33756
4559,20205106,27607
4560,40403936,34698
4561,40408691,32708
4562,40417946,34652
4563,20200826,27540
4564,40420181,32707
4565,30317066,33712
4566,30302686,34653
4567,10111871,29506
4568,10104966,27527
4569,10102391,27526
4570,10110851,27208
4571,10112356,27205
4572,20218381,27546
4573,20213426,28328
4574,20216586,28385
4575,20208081,27514
4576,20219751,28721
4577,20213681,28412
4578,20215711,28555
4579,20218406,27863
4580,20200311,27597
4581,20208906,27549
4582,20214736,28540
4583,20215921,28390
4584,40404161,33701
4585,20219491,28730
4586,20200726,27537
4587,20209916,28345
4588,40408481,32725
4589,40417581,33708
4590,40414351,34639
4591,40406436,32713
4592,40400806,34480
4593,20208116,27525
4594,30307396,32779
4595,30306071,33702
4596,20215111,28525
4597,30316586,33759
4598,40406636,32826
4599,20204541,27604
4600,10119906,28806
4601,10111881,29501
4602,20202381,27520
4603,10104431,27511
4604,20205901,27613
4605,10118231,27501
4606,20211001,29506
4607,40409946,33825
4608,40412321,33825
4609,20204086,27549
4610,10104336,27349
4611,30315031,33771
4612,20215441,28405
4613,40415046,34653
4614,40417071,33767
4615,30303536,34695
4616,30305961,33525
4617,10117996,28562
4618,10117666,28333
4619,10116431,28341
4620,10116436,28411
4621,30303311,33759
4622,30322451,32835
4623,30308691,32779
4624,30321521,32724
4625,30320461,32712
4626,40413336,34481
4627,40408551,32701
4628,40406311,34691
4629,20210961,27330
4630,40422461,34759
4631,40401836,34698
4632,40420036,32725
4633,20205181,27601
4634,20220261,28805
4635,40400511,34442
4636,20207326,27529
4637,40424881,33843
4638,30321241,32810
4639,30305896,34695
4640,30313106,34453
4641,10111676,29532
4642,30319006,32810
4643,40407661,32725
4644,40421951,32713
4645,40410001,32819
4646,40404586,33709
4647,40406921,32707
4648,20215101,27534
4649,30301241,34442
4650,30301151,34491
4651,30317866,34653
4652,30316791,33702
4653,30305726,34684
4654,20201146,27614
4655,20218266,28466
4656,20216081,28579
4657,20202131,27545
4658,20212091,28345
4659,20203806,27536
4660,20202551,27615
4661,20202716,27807
4662,20214161,28409
4663,10112266,29574
4664,30322651,33837
4665,20212316,27330
4666,40410496,33872
4667,10116416,28366
4668,30316731,33777
4669,20214586,28409
4670,20210681,27306
4671,20205591,27502
4672,20205296,27573
4673,20220916,28715
4674,40414986,33770
4675,20208536,27856
4676,40407211,32713
4677,40413591,34432
4678,10113956,28412
4679,10115486,28516
4680,10115321,28540
4681,30319991,32810
4682,10107736,27610
4683,10111226,27306
4684,30322376,34786
4685,10112816,28383
4686,10107906,27596
4687,10120811,28786
4688,20213066,29556
4689,20208581,27379
4690,40407201,32828
4691,40424286,32837
4692,30301121,32195
4693,30300941,34481
4694,20214241,28314
4695,40419701,32708
4696,20218761,28453
4697,20210586,29506
4698,30306666,32712
4699,30320696,32701
4700,10109266,27203
4701,10102601,27615
4702,10103071,27610
4703,20212651,29560
4704,10116031,28306
